[     693ms] [WARNING] <link rel=preload> must have a valid `as` value @ https://www.westernunion.com/jp/ja/web/send-money/start:13
[     693ms] [WARNING] <link rel=preload> must have a valid `as` value @ https://www.westernunion.com/jp/ja/web/send-money/start:13
[     985ms] [WARNING] <link rel=preload> must have a valid `as` value @ https://www.westernunion.com/jp/ja/web/send-money/start:74
[    2667ms] [WARNING] [OPTIMIZELY] - WARN  2026-04-10T14:05:56.847Z Invalid eventBatchSize undefined, defaulting to 10 @ https://www.westernunion.com/content/wucom/dist/ng9staticassets/R260351-f264f8dc93/vendor.346574b18bfbf331.js:0
[    2667ms] [WARNING] [OPTIMIZELY] - WARN  2026-04-10T14:05:56.848Z Invalid eventFlushInterval undefined, defaulting to 1000 @ https://www.westernunion.com/content/wucom/dist/ng9staticassets/R260351-f264f8dc93/vendor.346574b18bfbf331.js:0
[    2669ms] [INFO] [OPTIMIZELY] - INFO  2026-04-10T14:05:56.849Z PROJECT_CONFIG: Skipping JSON schema validation. @ https://www.westernunion.com/content/wucom/dist/ng9staticassets/R260351-f264f8dc93/vendor.346574b18bfbf331.js:0
[    2671ms] [INFO] [OPTIMIZELY] - INFO  2026-04-10T14:05:56.851Z OPTIMIZELY: Updated Optimizely config to revision 45 (project id 6051471968436224) @ https://www.westernunion.com/content/wucom/dist/ng9staticassets/R260351-f264f8dc93/vendor.346574b18bfbf331.js:0
[    3169ms] [INFO] [OPTIMIZELY] - INFO  2026-04-10T14:05:57.349Z DECISION_SERVICE: Audiences for rule Everyone Else collectively evaluated to TRUE. @ https://www.westernunion.com/content/wucom/dist/ng9staticassets/R260351-f264f8dc93/vendor.346574b18bfbf331.js:0
[    3169ms] [INFO] [OPTIMIZELY] - INFO  2026-04-10T14:05:57.349Z OPTIMIZELY: Feature forget_password_mfa is not enabled for user e2e8560a-db41-4a43-bb41-f04a218ec09c. @ https://www.westernunion.com/content/wucom/dist/ng9staticassets/R260351-f264f8dc93/vendor.346574b18bfbf331.js:0
[    3169ms] [WARNING] [OPTIMIZELY] - WARN  2026-04-10T14:05:57.350Z OPTIMIZELY: Event key default-rollout-360670-451731670190945 is not in datafile. @ https://www.westernunion.com/content/wucom/dist/ng9staticassets/R260351-f264f8dc93/vendor.346574b18bfbf331.js:0
[    3169ms] [WARNING] [OPTIMIZELY] - WARN  2026-04-10T14:05:57.350Z OPTIMIZELY: Not tracking user e2e8560a-db41-4a43-bb41-f04a218ec09c. @ https://www.westernunion.com/content/wucom/dist/ng9staticassets/R260351-f264f8dc93/vendor.346574b18bfbf331.js:0
[    3459ms] [INFO] [OPTIMIZELY] - INFO  2026-04-10T14:05:57.640Z DECISION_SERVICE: Audiences for rule Everyone Else collectively evaluated to TRUE. @ https://www.westernunion.com/content/wucom/dist/ng9staticassets/R260351-f264f8dc93/vendor.346574b18bfbf331.js:0
[    3460ms] [INFO] [OPTIMIZELY] - INFO  2026-04-10T14:05:57.640Z OPTIMIZELY: Feature forget_password_mfa is not enabled for user e2e8560a-db41-4a43-bb41-f04a218ec09c. @ https://www.westernunion.com/content/wucom/dist/ng9staticassets/R260351-f264f8dc93/vendor.346574b18bfbf331.js:0
[    3460ms] [WARNING] [OPTIMIZELY] - WARN  2026-04-10T14:05:57.640Z OPTIMIZELY: Event key default-rollout-360670-451731670190945 is not in datafile. @ https://www.westernunion.com/content/wucom/dist/ng9staticassets/R260351-f264f8dc93/vendor.346574b18bfbf331.js:0
[    3460ms] [WARNING] [OPTIMIZELY] - WARN  2026-04-10T14:05:57.640Z OPTIMIZELY: Not tracking user e2e8560a-db41-4a43-bb41-f04a218ec09c. @ https://www.westernunion.com/content/wucom/dist/ng9staticassets/R260351-f264f8dc93/vendor.346574b18bfbf331.js:0
[    3617ms] [INFO] [OPTIMIZELY] - INFO  2026-04-10T14:05:57.797Z DECISION_SERVICE: Audiences for rule Everyone Else collectively evaluated to TRUE. @ https://www.westernunion.com/content/wucom/dist/ng9staticassets/R260351-f264f8dc93/vendor.346574b18bfbf331.js:0
[    3618ms] [INFO] [OPTIMIZELY] - INFO  2026-04-10T14:05:57.798Z OPTIMIZELY: Feature forget_password_mfa is not enabled for user e2e8560a-db41-4a43-bb41-f04a218ec09c. @ https://www.westernunion.com/content/wucom/dist/ng9staticassets/R260351-f264f8dc93/vendor.346574b18bfbf331.js:0
[    3618ms] [WARNING] [OPTIMIZELY] - WARN  2026-04-10T14:05:57.799Z OPTIMIZELY: Event key default-rollout-360670-451731670190945 is not in datafile. @ https://www.westernunion.com/content/wucom/dist/ng9staticassets/R260351-f264f8dc93/vendor.346574b18bfbf331.js:0
[    3618ms] [WARNING] [OPTIMIZELY] - WARN  2026-04-10T14:05:57.799Z OPTIMIZELY: Not tracking user e2e8560a-db41-4a43-bb41-f04a218ec09c. @ https://www.westernunion.com/content/wucom/dist/ng9staticassets/R260351-f264f8dc93/vendor.346574b18bfbf331.js:0
[    3672ms] [ERROR] -- undefined Session didn't existed, CreatedSession called -- @ https://www.westernunion.com/content/wucom/dist/ng9staticassets/R260351-f264f8dc93/main.c72568e3234b953d.js:0
[    4470ms] [LOG] initializeVariation @ https://cdn.optimizely.com/js/27891380129.js:23978
[    4583ms] [INFO] [OPTIMIZELY] - INFO  2026-04-10T14:05:58.763Z DECISION_SERVICE: Audiences for rule Everyone Else collectively evaluated to TRUE. @ https://www.westernunion.com/content/wucom/dist/ng9staticassets/R260351-f264f8dc93/vendor.346574b18bfbf331.js:0
[    4584ms] [INFO] [OPTIMIZELY] - INFO  2026-04-10T14:05:58.764Z OPTIMIZELY: Feature forget_password_mfa is not enabled for user e2e8560a-db41-4a43-bb41-f04a218ec09c. @ https://www.westernunion.com/content/wucom/dist/ng9staticassets/R260351-f264f8dc93/vendor.346574b18bfbf331.js:0
[    4584ms] [WARNING] [OPTIMIZELY] - WARN  2026-04-10T14:05:58.764Z OPTIMIZELY: Event key default-rollout-360670-451731670190945 is not in datafile. @ https://www.westernunion.com/content/wucom/dist/ng9staticassets/R260351-f264f8dc93/vendor.346574b18bfbf331.js:0
[    4584ms] [WARNING] [OPTIMIZELY] - WARN  2026-04-10T14:05:58.764Z OPTIMIZELY: Not tracking user e2e8560a-db41-4a43-bb41-f04a218ec09c. @ https://www.westernunion.com/content/wucom/dist/ng9staticassets/R260351-f264f8dc93/vendor.346574b18bfbf331.js:0
[    4626ms] [INFO] Autofocus processing was blocked because a document already has a focused element. @ https://www.westernunion.com/jp/ja/web/send-money/start:0
[    4723ms] [INFO] [OPTIMIZELY] - INFO  2026-04-10T14:05:58.904Z DECISION_SERVICE: Audiences for rule Everyone Else collectively evaluated to TRUE. @ https://www.westernunion.com/content/wucom/dist/ng9staticassets/R260351-f264f8dc93/vendor.346574b18bfbf331.js:0
[    4723ms] [INFO] [OPTIMIZELY] - INFO  2026-04-10T14:05:58.904Z OPTIMIZELY: Feature forget_password_mfa is not enabled for user e2e8560a-db41-4a43-bb41-f04a218ec09c. @ https://www.westernunion.com/content/wucom/dist/ng9staticassets/R260351-f264f8dc93/vendor.346574b18bfbf331.js:0
[    4724ms] [WARNING] [OPTIMIZELY] - WARN  2026-04-10T14:05:58.904Z OPTIMIZELY: Event key default-rollout-360670-451731670190945 is not in datafile. @ https://www.westernunion.com/content/wucom/dist/ng9staticassets/R260351-f264f8dc93/vendor.346574b18bfbf331.js:0
[    4724ms] [WARNING] [OPTIMIZELY] - WARN  2026-04-10T14:05:58.904Z OPTIMIZELY: Not tracking user e2e8560a-db41-4a43-bb41-f04a218ec09c. @ https://www.westernunion.com/content/wucom/dist/ng9staticassets/R260351-f264f8dc93/vendor.346574b18bfbf331.js:0
[    4925ms] [LOG] NG15 - otDomains read from Switches {domains: Object, partnersDomain: Object} @ https://www.westernunion.com/content/wucom/dist/ng9staticassets/R260351-f264f8dc93/assets/vendor/util.js:586
[    5022ms] [ERROR] Attestation check for Attribution Reporting on https://www.facebook.com failed. @ https://www.westernunion.com/jp/ja/web/send-money/start:0
[    5354ms] [ERROR] Failed to load resource: the server responded with a status of 403 () @ https://www.westernunion.com/wubot/lex-web-ui-loader.m.js:0
[    5414ms] [INFO] [OPTIMIZELY] - INFO  2026-04-10T14:05:59.595Z DECISION_SERVICE: Audiences for rule Everyone Else collectively evaluated to TRUE. @ https://www.westernunion.com/content/wucom/dist/ng9staticassets/R260351-f264f8dc93/vendor.346574b18bfbf331.js:0
[    5415ms] [INFO] [OPTIMIZELY] - INFO  2026-04-10T14:05:59.595Z OPTIMIZELY: Feature forget_password_mfa is not enabled for user e2e8560a-db41-4a43-bb41-f04a218ec09c. @ https://www.westernunion.com/content/wucom/dist/ng9staticassets/R260351-f264f8dc93/vendor.346574b18bfbf331.js:0
[    5415ms] [WARNING] [OPTIMIZELY] - WARN  2026-04-10T14:05:59.596Z OPTIMIZELY: Event key default-rollout-360670-451731670190945 is not in datafile. @ https://www.westernunion.com/content/wucom/dist/ng9staticassets/R260351-f264f8dc93/vendor.346574b18bfbf331.js:0
[    5415ms] [WARNING] [OPTIMIZELY] - WARN  2026-04-10T14:05:59.596Z OPTIMIZELY: Not tracking user e2e8560a-db41-4a43-bb41-f04a218ec09c. @ https://www.westernunion.com/content/wucom/dist/ng9staticassets/R260351-f264f8dc93/vendor.346574b18bfbf331.js:0
[    5459ms] [INFO] [OPTIMIZELY] - INFO  2026-04-10T14:05:59.640Z DECISION_SERVICE: Audiences for rule Everyone Else collectively evaluated to TRUE. @ https://www.westernunion.com/content/wucom/dist/ng9staticassets/R260351-f264f8dc93/vendor.346574b18bfbf331.js:0
[    5460ms] [INFO] [OPTIMIZELY] - INFO  2026-04-10T14:05:59.640Z OPTIMIZELY: Feature forget_password_mfa is not enabled for user e2e8560a-db41-4a43-bb41-f04a218ec09c. @ https://www.westernunion.com/content/wucom/dist/ng9staticassets/R260351-f264f8dc93/vendor.346574b18bfbf331.js:0
[    5460ms] [WARNING] [OPTIMIZELY] - WARN  2026-04-10T14:05:59.640Z OPTIMIZELY: Event key default-rollout-360670-451731670190945 is not in datafile. @ https://www.westernunion.com/content/wucom/dist/ng9staticassets/R260351-f264f8dc93/vendor.346574b18bfbf331.js:0
[    5460ms] [WARNING] [OPTIMIZELY] - WARN  2026-04-10T14:05:59.640Z OPTIMIZELY: Not tracking user e2e8560a-db41-4a43-bb41-f04a218ec09c. @ https://www.westernunion.com/content/wucom/dist/ng9staticassets/R260351-f264f8dc93/vendor.346574b18bfbf331.js:0
[    5777ms] [LOG] %c2026-04-10T14:05:59.956Z LOG [main.c72568e3234b953d.js:1:2407227] color:gray ...pricing api post done... @ https://www.westernunion.com/content/wucom/dist/ng9staticassets/R260351-f264f8dc93/vendor.346574b18bfbf331.js:0
[    6063ms] [LOG] [Amplitude] Success: loaded SDK @ https://www.westernunion.com/content/wucom/dist/ng9staticassets/R260351-f264f8dc93/assets/vendor/util.js:518
[    7557ms] [LOG] -------------R3 AEP Web SDK page load fired------------- @ https://cdn.quantummetric.com/qscripts/quantum-wu.js:112
[    8339ms] [LOG] Hello from One Trust Cookie Consent Loop[object Object] @ https://cdn.quantummetric.com/qscripts/quantum-wu.js:112
[    8433ms] [WARNING] QM: API Listener caught exception: SyntaxError: Unexpected token 's', "success" is not valid JSON @ https://cdn.quantummetric.com/qscripts/quantum-wu.js:434
[    8639ms] [WARNING] [Meta Pixel] - Duplicate Pixel ID: 1131643220187654. @ https://cdn.quantummetric.com/qscripts/quantum-wu.js:112
[    9020ms] [ERROR] Attestation check for Attribution Reporting on https://www.facebook.com failed. @ https://www.westernunion.com/jp/ja/web/send-money/start:0
[   10439ms] [WARNING] [TikTok Pixel] - Duplicate Pixel ID
Issue: The pixel ID is duplicate. This could impact the pixel data accuracy.
Suggestion: Please double check and delete any unnecessary pixel code. @ https://cdn.quantummetric.com/qscripts/quantum-wu.js:112
[   10631ms] [INFO] [OPTIMIZELY] - INFO  2026-04-10T14:06:04.811Z DECISION_SERVICE: Audiences for rule Everyone Else collectively evaluated to TRUE. @ https://cdn.quantummetric.com/qscripts/quantum-wu.js:112
[   10631ms] [INFO] [OPTIMIZELY] - INFO  2026-04-10T14:06:04.811Z OPTIMIZELY: Feature forget_password_mfa is not enabled for user e2e8560a-db41-4a43-bb41-f04a218ec09c. @ https://cdn.quantummetric.com/qscripts/quantum-wu.js:112
[   10631ms] [WARNING] [OPTIMIZELY] - WARN  2026-04-10T14:06:04.812Z OPTIMIZELY: Event key default-rollout-360670-451731670190945 is not in datafile. @ https://cdn.quantummetric.com/qscripts/quantum-wu.js:112
[   10631ms] [WARNING] [OPTIMIZELY] - WARN  2026-04-10T14:06:04.812Z OPTIMIZELY: Not tracking user e2e8560a-db41-4a43-bb41-f04a218ec09c. @ https://cdn.quantummetric.com/qscripts/quantum-wu.js:112
[   11254ms] [WARNING] [TikTok Pixel] - Missing 'content_id' paramter
Issue: The 'content_id' parameter isn't being received. This is required for Video Shopping Ads (VSA).
Suggestion: Include the 'content_id' parameter in your source code. This is required for Video Shopping Ads (VSA). See https://ads.tiktok.com/help/article/standard-events-parameters?redirected=2 for more information. @ https://cdn.quantummetric.com/qscripts/quantum-wu.js:112
[   11254ms] [WARNING] [TikTok Pixel] - Invalid content type
Issue: The content type for one or more of your events is not valid. Content type must be either "product", "product_group", "destination", "hotel", "flight" or "vehicle".
Suggestion: Go to your source code and update the content type. See https://ads.tiktok.com/help/article/standard-events-parameters?redirected=2 for more information. @ https://cdn.quantummetric.com/qscripts/quantum-wu.js:112
[   11271ms] [INFO] [OPTIMIZELY] - INFO  2026-04-10T14:06:05.451Z DECISION_SERVICE: Audiences for rule Everyone Else collectively evaluated to TRUE. @ https://cdn.quantummetric.com/qscripts/quantum-wu.js:112
[   11271ms] [INFO] [OPTIMIZELY] - INFO  2026-04-10T14:06:05.452Z OPTIMIZELY: Feature forget_password_mfa is not enabled for user e2e8560a-db41-4a43-bb41-f04a218ec09c. @ https://cdn.quantummetric.com/qscripts/quantum-wu.js:112
[   11272ms] [WARNING] [OPTIMIZELY] - WARN  2026-04-10T14:06:05.452Z OPTIMIZELY: Event key default-rollout-360670-451731670190945 is not in datafile. @ https://cdn.quantummetric.com/qscripts/quantum-wu.js:112
[   11272ms] [WARNING] [OPTIMIZELY] - WARN  2026-04-10T14:06:05.452Z OPTIMIZELY: Not tracking user e2e8560a-db41-4a43-bb41-f04a218ec09c. @ https://cdn.quantummetric.com/qscripts/quantum-wu.js:112
[   11545ms] [LOG] %c2026-04-10T14:06:05.725Z LOG [main.c72568e3234b953d.js:1:2407227] color:gray ...pricing api post done... @ https://cdn.quantummetric.com/qscripts/quantum-wu.js:112
[   11820ms] [INFO] [OPTIMIZELY] - INFO  2026-04-10T14:06:06.001Z DECISION_SERVICE: Audiences for rule Everyone Else collectively evaluated to TRUE. @ https://cdn.quantummetric.com/qscripts/quantum-wu.js:112
[   11821ms] [INFO] [OPTIMIZELY] - INFO  2026-04-10T14:06:06.001Z OPTIMIZELY: Feature forget_password_mfa is not enabled for user e2e8560a-db41-4a43-bb41-f04a218ec09c. @ https://cdn.quantummetric.com/qscripts/quantum-wu.js:112
[   11821ms] [WARNING] [OPTIMIZELY] - WARN  2026-04-10T14:06:06.001Z OPTIMIZELY: Event key default-rollout-360670-451731670190945 is not in datafile. @ https://cdn.quantummetric.com/qscripts/quantum-wu.js:112
[   11821ms] [WARNING] [OPTIMIZELY] - WARN  2026-04-10T14:06:06.002Z OPTIMIZELY: Not tracking user e2e8560a-db41-4a43-bb41-f04a218ec09c. @ https://cdn.quantummetric.com/qscripts/quantum-wu.js:112
[   13041ms] [LOG] direct call corridor info initiated @ https://cdn.quantummetric.com/qscripts/quantum-wu.js:112
[   13066ms] [INFO] [OPTIMIZELY] - INFO  2026-04-10T14:06:07.246Z DECISION_SERVICE: Audiences for rule Everyone Else collectively evaluated to TRUE. @ https://cdn.quantummetric.com/qscripts/quantum-wu.js:112
[   13066ms] [INFO] [OPTIMIZELY] - INFO  2026-04-10T14:06:07.246Z OPTIMIZELY: Feature forget_password_mfa is not enabled for user e2e8560a-db41-4a43-bb41-f04a218ec09c. @ https://cdn.quantummetric.com/qscripts/quantum-wu.js:112
[   13066ms] [WARNING] [OPTIMIZELY] - WARN  2026-04-10T14:06:07.247Z OPTIMIZELY: Event key default-rollout-360670-451731670190945 is not in datafile. @ https://cdn.quantummetric.com/qscripts/quantum-wu.js:112
[   13067ms] [WARNING] [OPTIMIZELY] - WARN  2026-04-10T14:06:07.247Z OPTIMIZELY: Not tracking user e2e8560a-db41-4a43-bb41-f04a218ec09c. @ https://cdn.quantummetric.com/qscripts/quantum-wu.js:112
[   13502ms] [INFO] [OPTIMIZELY] - INFO  2026-04-10T14:06:07.683Z DECISION_SERVICE: Audiences for rule Everyone Else collectively evaluated to TRUE. @ https://cdn.quantummetric.com/qscripts/quantum-wu.js:112
[   13502ms] [INFO] [OPTIMIZELY] - INFO  2026-04-10T14:06:07.683Z OPTIMIZELY: Feature forget_password_mfa is not enabled for user e2e8560a-db41-4a43-bb41-f04a218ec09c. @ https://cdn.quantummetric.com/qscripts/quantum-wu.js:112
[   13503ms] [WARNING] [OPTIMIZELY] - WARN  2026-04-10T14:06:07.683Z OPTIMIZELY: Event key default-rollout-360670-451731670190945 is not in datafile. @ https://cdn.quantummetric.com/qscripts/quantum-wu.js:112
[   13503ms] [WARNING] [OPTIMIZELY] - WARN  2026-04-10T14:06:07.683Z OPTIMIZELY: Not tracking user e2e8560a-db41-4a43-bb41-f04a218ec09c. @ https://cdn.quantummetric.com/qscripts/quantum-wu.js:112
[   13730ms] [LOG] %c2026-04-10T14:06:07.911Z LOG [main.c72568e3234b953d.js:1:2407227] color:gray ...pricing api post done... @ https://cdn.quantummetric.com/qscripts/quantum-wu.js:112
[   14218ms] [INFO] [OPTIMIZELY] - INFO  2026-04-10T14:06:08.399Z DECISION_SERVICE: Audiences for rule Everyone Else collectively evaluated to TRUE. @ https://cdn.quantummetric.com/qscripts/quantum-wu.js:112
[   14219ms] [INFO] [OPTIMIZELY] - INFO  2026-04-10T14:06:08.399Z OPTIMIZELY: Feature forget_password_mfa is not enabled for user e2e8560a-db41-4a43-bb41-f04a218ec09c. @ https://cdn.quantummetric.com/qscripts/quantum-wu.js:112
[   14219ms] [WARNING] [OPTIMIZELY] - WARN  2026-04-10T14:06:08.399Z OPTIMIZELY: Event key default-rollout-360670-451731670190945 is not in datafile. @ https://cdn.quantummetric.com/qscripts/quantum-wu.js:112
[   14219ms] [WARNING] [OPTIMIZELY] - WARN  2026-04-10T14:06:08.399Z OPTIMIZELY: Not tracking user e2e8560a-db41-4a43-bb41-f04a218ec09c. @ https://cdn.quantummetric.com/qscripts/quantum-wu.js:112
[   26147ms] [INFO] [OPTIMIZELY] - INFO  2026-04-10T14:06:20.327Z DECISION_SERVICE: Audiences for rule Everyone Else collectively evaluated to TRUE. @ https://cdn.quantummetric.com/qscripts/quantum-wu.js:112
[   26147ms] [INFO] [OPTIMIZELY] - INFO  2026-04-10T14:06:20.328Z OPTIMIZELY: Feature forget_password_mfa is not enabled for user e2e8560a-db41-4a43-bb41-f04a218ec09c. @ https://cdn.quantummetric.com/qscripts/quantum-wu.js:112
[   26147ms] [WARNING] [OPTIMIZELY] - WARN  2026-04-10T14:06:20.328Z OPTIMIZELY: Event key default-rollout-360670-451731670190945 is not in datafile. @ https://cdn.quantummetric.com/qscripts/quantum-wu.js:112
[   26147ms] [WARNING] [OPTIMIZELY] - WARN  2026-04-10T14:06:20.328Z OPTIMIZELY: Not tracking user e2e8560a-db41-4a43-bb41-f04a218ec09c. @ https://cdn.quantummetric.com/qscripts/quantum-wu.js:112
[   26309ms] [LOG] direct call corridor info initiated @ https://cdn.quantummetric.com/qscripts/quantum-wu.js:112
[   26753ms] [INFO] [OPTIMIZELY] - INFO  2026-04-10T14:06:20.933Z DECISION_SERVICE: Audiences for rule Everyone Else collectively evaluated to TRUE. @ https://cdn.quantummetric.com/qscripts/quantum-wu.js:112
[   26753ms] [INFO] [OPTIMIZELY] - INFO  2026-04-10T14:06:20.934Z OPTIMIZELY: Feature forget_password_mfa is not enabled for user e2e8560a-db41-4a43-bb41-f04a218ec09c. @ https://cdn.quantummetric.com/qscripts/quantum-wu.js:112
[   26753ms] [WARNING] [OPTIMIZELY] - WARN  2026-04-10T14:06:20.934Z OPTIMIZELY: Event key default-rollout-360670-451731670190945 is not in datafile. @ https://cdn.quantummetric.com/qscripts/quantum-wu.js:112
[   26754ms] [WARNING] [OPTIMIZELY] - WARN  2026-04-10T14:06:20.934Z OPTIMIZELY: Not tracking user e2e8560a-db41-4a43-bb41-f04a218ec09c. @ https://cdn.quantummetric.com/qscripts/quantum-wu.js:112
[   26984ms] [LOG] %c2026-04-10T14:06:21.164Z LOG [main.c72568e3234b953d.js:1:2407227] color:gray ...pricing api post done... @ https://cdn.quantummetric.com/qscripts/quantum-wu.js:112
[   34684ms] [INFO] [OPTIMIZELY] - INFO  2026-04-10T14:06:28.864Z DECISION_SERVICE: Audiences for rule Everyone Else collectively evaluated to TRUE. @ https://cdn.quantummetric.com/qscripts/quantum-wu.js:112
[   34684ms] [INFO] [OPTIMIZELY] - INFO  2026-04-10T14:06:28.864Z OPTIMIZELY: Feature forget_password_mfa is not enabled for user e2e8560a-db41-4a43-bb41-f04a218ec09c. @ https://cdn.quantummetric.com/qscripts/quantum-wu.js:112
[   34684ms] [WARNING] [OPTIMIZELY] - WARN  2026-04-10T14:06:28.865Z OPTIMIZELY: Event key default-rollout-360670-451731670190945 is not in datafile. @ https://cdn.quantummetric.com/qscripts/quantum-wu.js:112
[   34684ms] [WARNING] [OPTIMIZELY] - WARN  2026-04-10T14:06:28.865Z OPTIMIZELY: Not tracking user e2e8560a-db41-4a43-bb41-f04a218ec09c. @ https://cdn.quantummetric.com/qscripts/quantum-wu.js:112
[   35043ms] [INFO] [OPTIMIZELY] - INFO  2026-04-10T14:06:29.224Z DECISION_SERVICE: Audiences for rule Everyone Else collectively evaluated to TRUE. @ https://cdn.quantummetric.com/qscripts/quantum-wu.js:112
[   35043ms] [INFO] [OPTIMIZELY] - INFO  2026-04-10T14:06:29.224Z OPTIMIZELY: Feature forget_password_mfa is not enabled for user e2e8560a-db41-4a43-bb41-f04a218ec09c. @ https://cdn.quantummetric.com/qscripts/quantum-wu.js:112
[   35044ms] [WARNING] [OPTIMIZELY] - WARN  2026-04-10T14:06:29.224Z OPTIMIZELY: Event key default-rollout-360670-451731670190945 is not in datafile. @ https://cdn.quantummetric.com/qscripts/quantum-wu.js:112
[   35044ms] [WARNING] [OPTIMIZELY] - WARN  2026-04-10T14:06:29.224Z OPTIMIZELY: Not tracking user e2e8560a-db41-4a43-bb41-f04a218ec09c. @ https://cdn.quantummetric.com/qscripts/quantum-wu.js:112
[   35196ms] [LOG] --------------R3 AEP Web SDK track link click fired----------- @ https://cdn.quantummetric.com/qscripts/quantum-wu.js:112
[   35421ms] [WARNING] <link rel=preload> must have a valid `as` value @ https://www.westernunion.com/jp/ja/web/user/register:13
[   35422ms] [WARNING] <link rel=preload> must have a valid `as` value @ https://www.westernunion.com/jp/ja/web/user/register:13
[   35515ms] [WARNING] <link rel=preload> must have a valid `as` value @ https://www.westernunion.com/jp/ja/web/user/register:74
[   36555ms] [WARNING] [OPTIMIZELY] - WARN  2026-04-10T14:06:30.735Z Invalid eventBatchSize undefined, defaulting to 10 @ https://www.westernunion.com/content/wucom/dist/ng9staticassets/R260351-f264f8dc93/vendor.346574b18bfbf331.js:0
[   36555ms] [WARNING] [OPTIMIZELY] - WARN  2026-04-10T14:06:30.736Z Invalid eventFlushInterval undefined, defaulting to 1000 @ https://www.westernunion.com/content/wucom/dist/ng9staticassets/R260351-f264f8dc93/vendor.346574b18bfbf331.js:0
[   36556ms] [INFO] [OPTIMIZELY] - INFO  2026-04-10T14:06:30.737Z PROJECT_CONFIG: Skipping JSON schema validation. @ https://www.westernunion.com/content/wucom/dist/ng9staticassets/R260351-f264f8dc93/vendor.346574b18bfbf331.js:0
[   36557ms] [INFO] [OPTIMIZELY] - INFO  2026-04-10T14:06:30.738Z OPTIMIZELY: Updated Optimizely config to revision 45 (project id 6051471968436224) @ https://www.westernunion.com/content/wucom/dist/ng9staticassets/R260351-f264f8dc93/vendor.346574b18bfbf331.js:0
[   37445ms] [LOG] initializeVariation @ https://cdn.optimizely.com/js/27891380129.js:23978
[   37720ms] [ERROR] [OPTIMIZELY] - ERROR 2026-04-10T14:06:31.900Z OPTIMIZELY: Feature key corridor_specific_social_proofing is not in datafile. @ https://www.westernunion.com/content/wucom/dist/ng9staticassets/R260351-f264f8dc93/vendor.346574b18bfbf331.js:0
[   37946ms] [INFO] [OPTIMIZELY] - INFO  2026-04-10T14:06:32.127Z DECISION_SERVICE: Audiences for rule Everyone Else collectively evaluated to TRUE. @ https://www.westernunion.com/content/wucom/dist/ng9staticassets/R260351-f264f8dc93/vendor.346574b18bfbf331.js:0
[   37947ms] [INFO] [OPTIMIZELY] - INFO  2026-04-10T14:06:32.127Z OPTIMIZELY: Feature forget_password_mfa is not enabled for user e2e8560a-db41-4a43-bb41-f04a218ec09c. @ https://www.westernunion.com/content/wucom/dist/ng9staticassets/R260351-f264f8dc93/vendor.346574b18bfbf331.js:0
[   37947ms] [WARNING] [OPTIMIZELY] - WARN  2026-04-10T14:06:32.128Z OPTIMIZELY: Event key default-rollout-360670-451731670190945 is not in datafile. @ https://www.westernunion.com/content/wucom/dist/ng9staticassets/R260351-f264f8dc93/vendor.346574b18bfbf331.js:0
[   37948ms] [WARNING] [OPTIMIZELY] - WARN  2026-04-10T14:06:32.128Z OPTIMIZELY: Not tracking user e2e8560a-db41-4a43-bb41-f04a218ec09c. @ https://www.westernunion.com/content/wucom/dist/ng9staticassets/R260351-f264f8dc93/vendor.346574b18bfbf331.js:0
[   38254ms] [ERROR] Attestation check for Attribution Reporting on https://www.facebook.com failed. @ https://www.westernunion.com/jp/ja/web/user/register:0
[   38397ms] [INFO] [OPTIMIZELY] - INFO  2026-04-10T14:06:32.577Z DECISION_SERVICE: Audiences for rule Everyone Else collectively evaluated to TRUE. @ https://www.westernunion.com/content/wucom/dist/ng9staticassets/R260351-f264f8dc93/vendor.346574b18bfbf331.js:0
[   38397ms] [INFO] [OPTIMIZELY] - INFO  2026-04-10T14:06:32.577Z OPTIMIZELY: Feature forget_password_mfa is not enabled for user e2e8560a-db41-4a43-bb41-f04a218ec09c. @ https://www.westernunion.com/content/wucom/dist/ng9staticassets/R260351-f264f8dc93/vendor.346574b18bfbf331.js:0
[   38397ms] [WARNING] [OPTIMIZELY] - WARN  2026-04-10T14:06:32.577Z OPTIMIZELY: Event key default-rollout-360670-451731670190945 is not in datafile. @ https://www.westernunion.com/content/wucom/dist/ng9staticassets/R260351-f264f8dc93/vendor.346574b18bfbf331.js:0
[   38397ms] [WARNING] [OPTIMIZELY] - WARN  2026-04-10T14:06:32.578Z OPTIMIZELY: Not tracking user e2e8560a-db41-4a43-bb41-f04a218ec09c. @ https://www.westernunion.com/content/wucom/dist/ng9staticassets/R260351-f264f8dc93/vendor.346574b18bfbf331.js:0
[   38411ms] [INFO] [OPTIMIZELY] - INFO  2026-04-10T14:06:32.591Z DECISION_SERVICE: Audiences for rule Everyone Else collectively evaluated to TRUE. @ https://www.westernunion.com/content/wucom/dist/ng9staticassets/R260351-f264f8dc93/vendor.346574b18bfbf331.js:0
[   38411ms] [INFO] [OPTIMIZELY] - INFO  2026-04-10T14:06:32.591Z OPTIMIZELY: Feature forget_password_mfa is not enabled for user e2e8560a-db41-4a43-bb41-f04a218ec09c. @ https://www.westernunion.com/content/wucom/dist/ng9staticassets/R260351-f264f8dc93/vendor.346574b18bfbf331.js:0
[   38411ms] [WARNING] [OPTIMIZELY] - WARN  2026-04-10T14:06:32.591Z OPTIMIZELY: Event key default-rollout-360670-451731670190945 is not in datafile. @ https://www.westernunion.com/content/wucom/dist/ng9staticassets/R260351-f264f8dc93/vendor.346574b18bfbf331.js:0
[   38411ms] [WARNING] [OPTIMIZELY] - WARN  2026-04-10T14:06:32.591Z OPTIMIZELY: Not tracking user e2e8560a-db41-4a43-bb41-f04a218ec09c. @ https://www.westernunion.com/content/wucom/dist/ng9staticassets/R260351-f264f8dc93/vendor.346574b18bfbf331.js:0
[   38428ms] [LOG] NG15 - otDomains read from Switches {domains: Object, partnersDomain: Object} @ https://www.westernunion.com/content/wucom/dist/ng9staticassets/R260351-f264f8dc93/assets/vendor/util.js:586
[   38516ms] [ERROR] Failed to load resource: the server responded with a status of 403 () @ https://www.westernunion.com/wubot/lex-web-ui-loader.m.js:0
[   38542ms] [LOG] [Amplitude] Success: loaded SDK @ https://www.westernunion.com/content/wucom/dist/ng9staticassets/R260351-f264f8dc93/assets/vendor/util.js:518
[   38710ms] [LOG] %c2026-04-10T14:06:32.890Z LOG [main.c72568e3234b953d.js:1:349366] color:gray hadoopAnalyticService Response- {status: OK} @ https://cdn.quantummetric.com/qscripts/quantum-wu.js:112
[   38711ms] [LOG] %c2026-04-10T14:06:32.891Z LOG [main.c72568e3234b953d.js:1:224606] color:gray Hadoop Analytic api post done... @ https://cdn.quantummetric.com/qscripts/quantum-wu.js:112
[   38748ms] [LOG] -------------R3 AEP Web SDK page load fired------------- @ https://cdn.quantummetric.com/qscripts/quantum-wu.js:112
[   38796ms] [LOG] Hello from One Trust Cookie Consent Loop[object Object] @ https://cdn.quantummetric.com/qscripts/quantum-wu.js:112
[   38863ms] [WARNING] [Meta Pixel] - Duplicate Pixel ID: 1131643220187654. @ https://cdn.quantummetric.com/qscripts/quantum-wu.js:112
[   39089ms] [ERROR] Attestation check for Attribution Reporting on https://www.facebook.com failed. @ https://www.westernunion.com/jp/ja/web/user/register:0
[   39156ms] [WARNING] QM: API Listener caught exception: SyntaxError: Unexpected token 's', "success" is not valid JSON @ https://cdn.quantummetric.com/qscripts/quantum-wu.js:434
[   39173ms] [ERROR] Attestation check for Attribution Reporting on https://www.facebook.com failed. @ https://www.westernunion.com/jp/ja/web/user/register:0
[   39238ms] [ERROR] Attestation check for Attribution Reporting on https://www.facebook.com failed. @ https://www.westernunion.com/jp/ja/web/user/register:0
[   39492ms] [WARNING] [TikTok Pixel] - Missing 'content_id' paramter
Issue: The 'content_id' parameter isn't being received. This is required for Video Shopping Ads (VSA).
Suggestion: Include the 'content_id' parameter in your source code. This is required for Video Shopping Ads (VSA). See https://ads.tiktok.com/help/article/standard-events-parameters?redirected=2 for more information. @ https://cdn.quantummetric.com/qscripts/quantum-wu.js:112
[   39740ms] [INFO] [OPTIMIZELY] - INFO  2026-04-10T14:06:33.920Z DECISION_SERVICE: Audiences for rule Everyone Else collectively evaluated to TRUE. @ https://cdn.quantummetric.com/qscripts/quantum-wu.js:112
[   39740ms] [INFO] [OPTIMIZELY] - INFO  2026-04-10T14:06:33.920Z OPTIMIZELY: Feature forget_password_mfa is not enabled for user e2e8560a-db41-4a43-bb41-f04a218ec09c. @ https://cdn.quantummetric.com/qscripts/quantum-wu.js:112
[   39740ms] [WARNING] [OPTIMIZELY] - WARN  2026-04-10T14:06:33.921Z OPTIMIZELY: Event key default-rollout-360670-451731670190945 is not in datafile. @ https://cdn.quantummetric.com/qscripts/quantum-wu.js:112
[   39740ms] [WARNING] [OPTIMIZELY] - WARN  2026-04-10T14:06:33.921Z OPTIMIZELY: Not tracking user e2e8560a-db41-4a43-bb41-f04a218ec09c. @ https://cdn.quantummetric.com/qscripts/quantum-wu.js:112
[   39751ms] [LOG] --------------R3 AEP Web SDK track link click fired----------- @ https://cdn.quantummetric.com/qscripts/quantum-wu.js:112
[   39775ms] [INFO] [OPTIMIZELY] - INFO  2026-04-10T14:06:33.956Z DECISION_SERVICE: Audiences for rule Everyone Else collectively evaluated to TRUE. @ https://cdn.quantummetric.com/qscripts/quantum-wu.js:112
[   39776ms] [INFO] [OPTIMIZELY] - INFO  2026-04-10T14:06:33.956Z OPTIMIZELY: Feature forget_password_mfa is not enabled for user e2e8560a-db41-4a43-bb41-f04a218ec09c. @ https://cdn.quantummetric.com/qscripts/quantum-wu.js:112
[   39776ms] [WARNING] [OPTIMIZELY] - WARN  2026-04-10T14:06:33.956Z OPTIMIZELY: Event key default-rollout-360670-451731670190945 is not in datafile. @ https://cdn.quantummetric.com/qscripts/quantum-wu.js:112
[   39776ms] [WARNING] [OPTIMIZELY] - WARN  2026-04-10T14:06:33.956Z OPTIMIZELY: Not tracking user e2e8560a-db41-4a43-bb41-f04a218ec09c. @ https://cdn.quantummetric.com/qscripts/quantum-wu.js:112
[   40210ms] [INFO] [OPTIMIZELY] - INFO  2026-04-10T14:06:34.390Z DECISION_SERVICE: Audiences for rule Everyone Else collectively evaluated to TRUE. @ https://cdn.quantummetric.com/qscripts/quantum-wu.js:112
[   40210ms] [INFO] [OPTIMIZELY] - INFO  2026-04-10T14:06:34.390Z OPTIMIZELY: Feature forget_password_mfa is not enabled for user e2e8560a-db41-4a43-bb41-f04a218ec09c. @ https://cdn.quantummetric.com/qscripts/quantum-wu.js:112
[   40210ms] [WARNING] [OPTIMIZELY] - WARN  2026-04-10T14:06:34.390Z OPTIMIZELY: Event key default-rollout-360670-451731670190945 is not in datafile. @ https://cdn.quantummetric.com/qscripts/quantum-wu.js:112
[   40210ms] [WARNING] [OPTIMIZELY] - WARN  2026-04-10T14:06:34.390Z OPTIMIZELY: Not tracking user e2e8560a-db41-4a43-bb41-f04a218ec09c. @ https://cdn.quantummetric.com/qscripts/quantum-wu.js:112
[   40456ms] [LOG] --------------R3 AEP Web SDK track link click fired----------- @ https://cdn.quantummetric.com/qscripts/quantum-wu.js:112
[   40474ms] [INFO] [OPTIMIZELY] - INFO  2026-04-10T14:06:34.654Z DECISION_SERVICE: Audiences for rule Everyone Else collectively evaluated to TRUE. @ https://cdn.quantummetric.com/qscripts/quantum-wu.js:112
[   40474ms] [INFO] [OPTIMIZELY] - INFO  2026-04-10T14:06:34.654Z OPTIMIZELY: Feature forget_password_mfa is not enabled for user e2e8560a-db41-4a43-bb41-f04a218ec09c. @ https://cdn.quantummetric.com/qscripts/quantum-wu.js:112
[   40474ms] [WARNING] [OPTIMIZELY] - WARN  2026-04-10T14:06:34.654Z OPTIMIZELY: Event key default-rollout-360670-451731670190945 is not in datafile. @ https://cdn.quantummetric.com/qscripts/quantum-wu.js:112
[   40474ms] [WARNING] [OPTIMIZELY] - WARN  2026-04-10T14:06:34.654Z OPTIMIZELY: Not tracking user e2e8560a-db41-4a43-bb41-f04a218ec09c. @ https://cdn.quantummetric.com/qscripts/quantum-wu.js:112
[   47194ms] [INFO] [OPTIMIZELY] - INFO  2026-04-10T14:06:41.375Z DECISION_SERVICE: Audiences for rule Everyone Else collectively evaluated to TRUE. @ https://cdn.quantummetric.com/qscripts/quantum-wu.js:112
[   47195ms] [INFO] [OPTIMIZELY] - INFO  2026-04-10T14:06:41.375Z OPTIMIZELY: Feature forget_password_mfa is not enabled for user e2e8560a-db41-4a43-bb41-f04a218ec09c. @ https://cdn.quantummetric.com/qscripts/quantum-wu.js:112
[   47195ms] [WARNING] [OPTIMIZELY] - WARN  2026-04-10T14:06:41.375Z OPTIMIZELY: Event key default-rollout-360670-451731670190945 is not in datafile. @ https://cdn.quantummetric.com/qscripts/quantum-wu.js:112
[   47195ms] [WARNING] [OPTIMIZELY] - WARN  2026-04-10T14:06:41.376Z OPTIMIZELY: Not tracking user e2e8560a-db41-4a43-bb41-f04a218ec09c. @ https://cdn.quantummetric.com/qscripts/quantum-wu.js:112
[   47683ms] [INFO] [OPTIMIZELY] - INFO  2026-04-10T14:06:41.863Z DECISION_SERVICE: Audiences for rule Everyone Else collectively evaluated to TRUE. @ https://cdn.quantummetric.com/qscripts/quantum-wu.js:112
[   47683ms] [INFO] [OPTIMIZELY] - INFO  2026-04-10T14:06:41.864Z OPTIMIZELY: Feature forget_password_mfa is not enabled for user e2e8560a-db41-4a43-bb41-f04a218ec09c. @ https://cdn.quantummetric.com/qscripts/quantum-wu.js:112
[   47684ms] [WARNING] [OPTIMIZELY] - WARN  2026-04-10T14:06:41.864Z OPTIMIZELY: Event key default-rollout-360670-451731670190945 is not in datafile. @ https://cdn.quantummetric.com/qscripts/quantum-wu.js:112
[   47684ms] [WARNING] [OPTIMIZELY] - WARN  2026-04-10T14:06:41.864Z OPTIMIZELY: Not tracking user e2e8560a-db41-4a43-bb41-f04a218ec09c. @ https://cdn.quantummetric.com/qscripts/quantum-wu.js:112
[   47866ms] [INFO] [OPTIMIZELY] - INFO  2026-04-10T14:06:42.046Z DECISION_SERVICE: Audiences for rule Everyone Else collectively evaluated to TRUE. @ https://cdn.quantummetric.com/qscripts/quantum-wu.js:112
[   47867ms] [INFO] [OPTIMIZELY] - INFO  2026-04-10T14:06:42.047Z OPTIMIZELY: Feature forget_password_mfa is not enabled for user e2e8560a-db41-4a43-bb41-f04a218ec09c. @ https://cdn.quantummetric.com/qscripts/quantum-wu.js:112
[   47868ms] [WARNING] [OPTIMIZELY] - WARN  2026-04-10T14:06:42.048Z OPTIMIZELY: Event key default-rollout-360670-451731670190945 is not in datafile. @ https://cdn.quantummetric.com/qscripts/quantum-wu.js:112
[   47868ms] [WARNING] [OPTIMIZELY] - WARN  2026-04-10T14:06:42.048Z OPTIMIZELY: Not tracking user e2e8560a-db41-4a43-bb41-f04a218ec09c. @ https://cdn.quantummetric.com/qscripts/quantum-wu.js:112
[   47922ms] [INFO] [OPTIMIZELY] - INFO  2026-04-10T14:06:42.103Z DECISION_SERVICE: Audiences for rule Everyone Else collectively evaluated to TRUE. @ https://cdn.quantummetric.com/qscripts/quantum-wu.js:112
[   47923ms] [INFO] [OPTIMIZELY] - INFO  2026-04-10T14:06:42.103Z OPTIMIZELY: Feature forget_password_mfa is not enabled for user e2e8560a-db41-4a43-bb41-f04a218ec09c. @ https://cdn.quantummetric.com/qscripts/quantum-wu.js:112
[   47923ms] [WARNING] [OPTIMIZELY] - WARN  2026-04-10T14:06:42.103Z OPTIMIZELY: Event key default-rollout-360670-451731670190945 is not in datafile. @ https://cdn.quantummetric.com/qscripts/quantum-wu.js:112
[   47923ms] [WARNING] [OPTIMIZELY] - WARN  2026-04-10T14:06:42.103Z OPTIMIZELY: Not tracking user e2e8560a-db41-4a43-bb41-f04a218ec09c. @ https://cdn.quantummetric.com/qscripts/quantum-wu.js:112
[   47947ms] [INFO] [OPTIMIZELY] - INFO  2026-04-10T14:06:42.128Z DECISION_SERVICE: Audiences for rule Everyone Else collectively evaluated to TRUE. @ https://cdn.quantummetric.com/qscripts/quantum-wu.js:112
[   47948ms] [INFO] [OPTIMIZELY] - INFO  2026-04-10T14:06:42.128Z OPTIMIZELY: Feature forget_password_mfa is not enabled for user e2e8560a-db41-4a43-bb41-f04a218ec09c. @ https://cdn.quantummetric.com/qscripts/quantum-wu.js:112
[   47948ms] [WARNING] [OPTIMIZELY] - WARN  2026-04-10T14:06:42.128Z OPTIMIZELY: Event key default-rollout-360670-451731670190945 is not in datafile. @ https://cdn.quantummetric.com/qscripts/quantum-wu.js:112
[   47948ms] [WARNING] [OPTIMIZELY] - WARN  2026-04-10T14:06:42.129Z OPTIMIZELY: Not tracking user e2e8560a-db41-4a43-bb41-f04a218ec09c. @ https://cdn.quantummetric.com/qscripts/quantum-wu.js:112
[   48026ms] [INFO] [OPTIMIZELY] - INFO  2026-04-10T14:06:42.206Z DECISION_SERVICE: Audiences for rule Everyone Else collectively evaluated to TRUE. @ https://cdn.quantummetric.com/qscripts/quantum-wu.js:112
[   48026ms] [INFO] [OPTIMIZELY] - INFO  2026-04-10T14:06:42.207Z OPTIMIZELY: Feature forget_password_mfa is not enabled for user e2e8560a-db41-4a43-bb41-f04a218ec09c. @ https://cdn.quantummetric.com/qscripts/quantum-wu.js:112
[   48026ms] [WARNING] [OPTIMIZELY] - WARN  2026-04-10T14:06:42.207Z OPTIMIZELY: Event key default-rollout-360670-451731670190945 is not in datafile. @ https://cdn.quantummetric.com/qscripts/quantum-wu.js:112
[   48026ms] [WARNING] [OPTIMIZELY] - WARN  2026-04-10T14:06:42.207Z OPTIMIZELY: Not tracking user e2e8560a-db41-4a43-bb41-f04a218ec09c. @ https://cdn.quantummetric.com/qscripts/quantum-wu.js:112
[   48099ms] [INFO] [OPTIMIZELY] - INFO  2026-04-10T14:06:42.279Z DECISION_SERVICE: Audiences for rule Everyone Else collectively evaluated to TRUE. @ https://cdn.quantummetric.com/qscripts/quantum-wu.js:112
[   48099ms] [INFO] [OPTIMIZELY] - INFO  2026-04-10T14:06:42.280Z OPTIMIZELY: Feature forget_password_mfa is not enabled for user e2e8560a-db41-4a43-bb41-f04a218ec09c. @ https://cdn.quantummetric.com/qscripts/quantum-wu.js:112
[   48100ms] [WARNING] [OPTIMIZELY] - WARN  2026-04-10T14:06:42.280Z OPTIMIZELY: Event key default-rollout-360670-451731670190945 is not in datafile. @ https://cdn.quantummetric.com/qscripts/quantum-wu.js:112
[   48100ms] [WARNING] [OPTIMIZELY] - WARN  2026-04-10T14:06:42.280Z OPTIMIZELY: Not tracking user e2e8560a-db41-4a43-bb41-f04a218ec09c. @ https://cdn.quantummetric.com/qscripts/quantum-wu.js:112
[   48124ms] [INFO] [OPTIMIZELY] - INFO  2026-04-10T14:06:42.304Z DECISION_SERVICE: Audiences for rule Everyone Else collectively evaluated to TRUE. @ https://cdn.quantummetric.com/qscripts/quantum-wu.js:112
[   48124ms] [INFO] [OPTIMIZELY] - INFO  2026-04-10T14:06:42.304Z OPTIMIZELY: Feature forget_password_mfa is not enabled for user e2e8560a-db41-4a43-bb41-f04a218ec09c. @ https://cdn.quantummetric.com/qscripts/quantum-wu.js:112
[   48124ms] [WARNING] [OPTIMIZELY] - WARN  2026-04-10T14:06:42.304Z OPTIMIZELY: Event key default-rollout-360670-451731670190945 is not in datafile. @ https://cdn.quantummetric.com/qscripts/quantum-wu.js:112
[   48124ms] [WARNING] [OPTIMIZELY] - WARN  2026-04-10T14:06:42.305Z OPTIMIZELY: Not tracking user e2e8560a-db41-4a43-bb41-f04a218ec09c. @ https://cdn.quantummetric.com/qscripts/quantum-wu.js:112
[   48204ms] [INFO] [OPTIMIZELY] - INFO  2026-04-10T14:06:42.384Z DECISION_SERVICE: Audiences for rule Everyone Else collectively evaluated to TRUE. @ https://cdn.quantummetric.com/qscripts/quantum-wu.js:112
[   48204ms] [INFO] [OPTIMIZELY] - INFO  2026-04-10T14:06:42.384Z OPTIMIZELY: Feature forget_password_mfa is not enabled for user e2e8560a-db41-4a43-bb41-f04a218ec09c. @ https://cdn.quantummetric.com/qscripts/quantum-wu.js:112
[   48204ms] [WARNING] [OPTIMIZELY] - WARN  2026-04-10T14:06:42.384Z OPTIMIZELY: Event key default-rollout-360670-451731670190945 is not in datafile. @ https://cdn.quantummetric.com/qscripts/quantum-wu.js:112
[   48204ms] [WARNING] [OPTIMIZELY] - WARN  2026-04-10T14:06:42.384Z OPTIMIZELY: Not tracking user e2e8560a-db41-4a43-bb41-f04a218ec09c. @ https://cdn.quantummetric.com/qscripts/quantum-wu.js:112
[   48242ms] [INFO] [OPTIMIZELY] - INFO  2026-04-10T14:06:42.422Z DECISION_SERVICE: Audiences for rule Everyone Else collectively evaluated to TRUE. @ https://cdn.quantummetric.com/qscripts/quantum-wu.js:112
[   48242ms] [INFO] [OPTIMIZELY] - INFO  2026-04-10T14:06:42.422Z OPTIMIZELY: Feature forget_password_mfa is not enabled for user e2e8560a-db41-4a43-bb41-f04a218ec09c. @ https://cdn.quantummetric.com/qscripts/quantum-wu.js:112
[   48242ms] [WARNING] [OPTIMIZELY] - WARN  2026-04-10T14:06:42.423Z OPTIMIZELY: Event key default-rollout-360670-451731670190945 is not in datafile. @ https://cdn.quantummetric.com/qscripts/quantum-wu.js:112
[   48242ms] [WARNING] [OPTIMIZELY] - WARN  2026-04-10T14:06:42.423Z OPTIMIZELY: Not tracking user e2e8560a-db41-4a43-bb41-f04a218ec09c. @ https://cdn.quantummetric.com/qscripts/quantum-wu.js:112
[   48322ms] [INFO] [OPTIMIZELY] - INFO  2026-04-10T14:06:42.503Z DECISION_SERVICE: Audiences for rule Everyone Else collectively evaluated to TRUE. @ https://cdn.quantummetric.com/qscripts/quantum-wu.js:112
[   48322ms] [INFO] [OPTIMIZELY] - INFO  2026-04-10T14:06:42.503Z OPTIMIZELY: Feature forget_password_mfa is not enabled for user e2e8560a-db41-4a43-bb41-f04a218ec09c. @ https://cdn.quantummetric.com/qscripts/quantum-wu.js:112
[   48323ms] [WARNING] [OPTIMIZELY] - WARN  2026-04-10T14:06:42.503Z OPTIMIZELY: Event key default-rollout-360670-451731670190945 is not in datafile. @ https://cdn.quantummetric.com/qscripts/quantum-wu.js:112
[   48323ms] [WARNING] [OPTIMIZELY] - WARN  2026-04-10T14:06:42.503Z OPTIMIZELY: Not tracking user e2e8560a-db41-4a43-bb41-f04a218ec09c. @ https://cdn.quantummetric.com/qscripts/quantum-wu.js:112
[   48346ms] [INFO] [OPTIMIZELY] - INFO  2026-04-10T14:06:42.526Z DECISION_SERVICE: Audiences for rule Everyone Else collectively evaluated to TRUE. @ https://cdn.quantummetric.com/qscripts/quantum-wu.js:112
[   48346ms] [INFO] [OPTIMIZELY] - INFO  2026-04-10T14:06:42.527Z OPTIMIZELY: Feature forget_password_mfa is not enabled for user e2e8560a-db41-4a43-bb41-f04a218ec09c. @ https://cdn.quantummetric.com/qscripts/quantum-wu.js:112
[   48347ms] [WARNING] [OPTIMIZELY] - WARN  2026-04-10T14:06:42.527Z OPTIMIZELY: Event key default-rollout-360670-451731670190945 is not in datafile. @ https://cdn.quantummetric.com/qscripts/quantum-wu.js:112
[   48347ms] [WARNING] [OPTIMIZELY] - WARN  2026-04-10T14:06:42.527Z OPTIMIZELY: Not tracking user e2e8560a-db41-4a43-bb41-f04a218ec09c. @ https://cdn.quantummetric.com/qscripts/quantum-wu.js:112
[   48410ms] [INFO] [OPTIMIZELY] - INFO  2026-04-10T14:06:42.590Z DECISION_SERVICE: Audiences for rule Everyone Else collectively evaluated to TRUE. @ https://cdn.quantummetric.com/qscripts/quantum-wu.js:112
[   48410ms] [INFO] [OPTIMIZELY] - INFO  2026-04-10T14:06:42.590Z OPTIMIZELY: Feature forget_password_mfa is not enabled for user e2e8560a-db41-4a43-bb41-f04a218ec09c. @ https://cdn.quantummetric.com/qscripts/quantum-wu.js:112
[   48410ms] [WARNING] [OPTIMIZELY] - WARN  2026-04-10T14:06:42.591Z OPTIMIZELY: Event key default-rollout-360670-451731670190945 is not in datafile. @ https://cdn.quantummetric.com/qscripts/quantum-wu.js:112
[   48410ms] [WARNING] [OPTIMIZELY] - WARN  2026-04-10T14:06:42.591Z OPTIMIZELY: Not tracking user e2e8560a-db41-4a43-bb41-f04a218ec09c. @ https://cdn.quantummetric.com/qscripts/quantum-wu.js:112
[   48507ms] [INFO] [OPTIMIZELY] - INFO  2026-04-10T14:06:42.687Z DECISION_SERVICE: Audiences for rule Everyone Else collectively evaluated to TRUE. @ https://cdn.quantummetric.com/qscripts/quantum-wu.js:112
[   48507ms] [INFO] [OPTIMIZELY] - INFO  2026-04-10T14:06:42.687Z OPTIMIZELY: Feature forget_password_mfa is not enabled for user e2e8560a-db41-4a43-bb41-f04a218ec09c. @ https://cdn.quantummetric.com/qscripts/quantum-wu.js:112
[   48507ms] [WARNING] [OPTIMIZELY] - WARN  2026-04-10T14:06:42.688Z OPTIMIZELY: Event key default-rollout-360670-451731670190945 is not in datafile. @ https://cdn.quantummetric.com/qscripts/quantum-wu.js:112
[   48507ms] [WARNING] [OPTIMIZELY] - WARN  2026-04-10T14:06:42.688Z OPTIMIZELY: Not tracking user e2e8560a-db41-4a43-bb41-f04a218ec09c. @ https://cdn.quantummetric.com/qscripts/quantum-wu.js:112
[   48571ms] [INFO] [OPTIMIZELY] - INFO  2026-04-10T14:06:42.751Z DECISION_SERVICE: Audiences for rule Everyone Else collectively evaluated to TRUE. @ https://cdn.quantummetric.com/qscripts/quantum-wu.js:112
[   48571ms] [INFO] [OPTIMIZELY] - INFO  2026-04-10T14:06:42.752Z OPTIMIZELY: Feature forget_password_mfa is not enabled for user e2e8560a-db41-4a43-bb41-f04a218ec09c. @ https://cdn.quantummetric.com/qscripts/quantum-wu.js:112
[   48571ms] [WARNING] [OPTIMIZELY] - WARN  2026-04-10T14:06:42.752Z OPTIMIZELY: Event key default-rollout-360670-451731670190945 is not in datafile. @ https://cdn.quantummetric.com/qscripts/quantum-wu.js:112
[   48571ms] [WARNING] [OPTIMIZELY] - WARN  2026-04-10T14:06:42.752Z OPTIMIZELY: Not tracking user e2e8560a-db41-4a43-bb41-f04a218ec09c. @ https://cdn.quantummetric.com/qscripts/quantum-wu.js:112
[   48626ms] [INFO] [OPTIMIZELY] - INFO  2026-04-10T14:06:42.807Z DECISION_SERVICE: Audiences for rule Everyone Else collectively evaluated to TRUE. @ https://cdn.quantummetric.com/qscripts/quantum-wu.js:112
[   48627ms] [INFO] [OPTIMIZELY] - INFO  2026-04-10T14:06:42.807Z OPTIMIZELY: Feature forget_password_mfa is not enabled for user e2e8560a-db41-4a43-bb41-f04a218ec09c. @ https://cdn.quantummetric.com/qscripts/quantum-wu.js:112
[   48627ms] [WARNING] [OPTIMIZELY] - WARN  2026-04-10T14:06:42.807Z OPTIMIZELY: Event key default-rollout-360670-451731670190945 is not in datafile. @ https://cdn.quantummetric.com/qscripts/quantum-wu.js:112
[   48627ms] [WARNING] [OPTIMIZELY] - WARN  2026-04-10T14:06:42.808Z OPTIMIZELY: Not tracking user e2e8560a-db41-4a43-bb41-f04a218ec09c. @ https://cdn.quantummetric.com/qscripts/quantum-wu.js:112
[   48734ms] [INFO] [OPTIMIZELY] - INFO  2026-04-10T14:06:42.914Z DECISION_SERVICE: Audiences for rule Everyone Else collectively evaluated to TRUE. @ https://cdn.quantummetric.com/qscripts/quantum-wu.js:112
[   48734ms] [INFO] [OPTIMIZELY] - INFO  2026-04-10T14:06:42.914Z OPTIMIZELY: Feature forget_password_mfa is not enabled for user e2e8560a-db41-4a43-bb41-f04a218ec09c. @ https://cdn.quantummetric.com/qscripts/quantum-wu.js:112
[   48734ms] [WARNING] [OPTIMIZELY] - WARN  2026-04-10T14:06:42.915Z OPTIMIZELY: Event key default-rollout-360670-451731670190945 is not in datafile. @ https://cdn.quantummetric.com/qscripts/quantum-wu.js:112
[   48734ms] [WARNING] [OPTIMIZELY] - WARN  2026-04-10T14:06:42.915Z OPTIMIZELY: Not tracking user e2e8560a-db41-4a43-bb41-f04a218ec09c. @ https://cdn.quantummetric.com/qscripts/quantum-wu.js:112
[   48744ms] [INFO] [OPTIMIZELY] - INFO  2026-04-10T14:06:42.924Z DECISION_SERVICE: Audiences for rule Everyone Else collectively evaluated to TRUE. @ https://cdn.quantummetric.com/qscripts/quantum-wu.js:112
[   48744ms] [INFO] [OPTIMIZELY] - INFO  2026-04-10T14:06:42.924Z OPTIMIZELY: Feature forget_password_mfa is not enabled for user e2e8560a-db41-4a43-bb41-f04a218ec09c. @ https://cdn.quantummetric.com/qscripts/quantum-wu.js:112
[   48744ms] [WARNING] [OPTIMIZELY] - WARN  2026-04-10T14:06:42.924Z OPTIMIZELY: Event key default-rollout-360670-451731670190945 is not in datafile. @ https://cdn.quantummetric.com/qscripts/quantum-wu.js:112
[   48744ms] [WARNING] [OPTIMIZELY] - WARN  2026-04-10T14:06:42.925Z OPTIMIZELY: Not tracking user e2e8560a-db41-4a43-bb41-f04a218ec09c. @ https://cdn.quantummetric.com/qscripts/quantum-wu.js:112
[   48787ms] [INFO] [OPTIMIZELY] - INFO  2026-04-10T14:06:42.967Z DECISION_SERVICE: Audiences for rule Everyone Else collectively evaluated to TRUE. @ https://cdn.quantummetric.com/qscripts/quantum-wu.js:112
[   48787ms] [INFO] [OPTIMIZELY] - INFO  2026-04-10T14:06:42.968Z OPTIMIZELY: Feature forget_password_mfa is not enabled for user e2e8560a-db41-4a43-bb41-f04a218ec09c. @ https://cdn.quantummetric.com/qscripts/quantum-wu.js:112
[   48787ms] [WARNING] [OPTIMIZELY] - WARN  2026-04-10T14:06:42.968Z OPTIMIZELY: Event key default-rollout-360670-451731670190945 is not in datafile. @ https://cdn.quantummetric.com/qscripts/quantum-wu.js:112
[   48787ms] [WARNING] [OPTIMIZELY] - WARN  2026-04-10T14:06:42.968Z OPTIMIZELY: Not tracking user e2e8560a-db41-4a43-bb41-f04a218ec09c. @ https://cdn.quantummetric.com/qscripts/quantum-wu.js:112
[   50230ms] [INFO] [OPTIMIZELY] - INFO  2026-04-10T14:06:44.410Z DECISION_SERVICE: Audiences for rule Everyone Else collectively evaluated to TRUE. @ https://cdn.quantummetric.com/qscripts/quantum-wu.js:112
[   50231ms] [INFO] [OPTIMIZELY] - INFO  2026-04-10T14:06:44.411Z OPTIMIZELY: Feature forget_password_mfa is not enabled for user e2e8560a-db41-4a43-bb41-f04a218ec09c. @ https://cdn.quantummetric.com/qscripts/quantum-wu.js:112
[   50231ms] [WARNING] [OPTIMIZELY] - WARN  2026-04-10T14:06:44.411Z OPTIMIZELY: Event key default-rollout-360670-451731670190945 is not in datafile. @ https://cdn.quantummetric.com/qscripts/quantum-wu.js:112
[   50231ms] [WARNING] [OPTIMIZELY] - WARN  2026-04-10T14:06:44.411Z OPTIMIZELY: Not tracking user e2e8560a-db41-4a43-bb41-f04a218ec09c. @ https://cdn.quantummetric.com/qscripts/quantum-wu.js:112
[   50293ms] [LOG] --------------R3 AEP Web SDK track link click fired----------- @ https://cdn.quantummetric.com/qscripts/quantum-wu.js:112
[   50510ms] [LOG] %c2026-04-10T14:06:44.690Z LOG [main.c72568e3234b953d.js:1:349520] color:gray hadoopAnalyticService Response- {status: OK} @ https://cdn.quantummetric.com/qscripts/quantum-wu.js:112
[   50511ms] [LOG] %c2026-04-10T14:06:44.691Z LOG [main.c72568e3234b953d.js:1:224606] color:gray Hadoop Analytic api post done... @ https://cdn.quantummetric.com/qscripts/quantum-wu.js:112
[   51243ms] [INFO] [OPTIMIZELY] - INFO  2026-04-10T14:06:45.424Z DECISION_SERVICE: Audiences for rule Everyone Else collectively evaluated to TRUE. @ https://cdn.quantummetric.com/qscripts/quantum-wu.js:112
[   51243ms] [INFO] [OPTIMIZELY] - INFO  2026-04-10T14:06:45.424Z OPTIMIZELY: Feature forget_password_mfa is not enabled for user e2e8560a-db41-4a43-bb41-f04a218ec09c. @ https://cdn.quantummetric.com/qscripts/quantum-wu.js:112
[   51244ms] [WARNING] [OPTIMIZELY] - WARN  2026-04-10T14:06:45.424Z OPTIMIZELY: Event key default-rollout-360670-451731670190945 is not in datafile. @ https://cdn.quantummetric.com/qscripts/quantum-wu.js:112
[   51244ms] [WARNING] [OPTIMIZELY] - WARN  2026-04-10T14:06:45.424Z OPTIMIZELY: Not tracking user e2e8560a-db41-4a43-bb41-f04a218ec09c. @ https://cdn.quantummetric.com/qscripts/quantum-wu.js:112
[   53038ms] [INFO] [OPTIMIZELY] - INFO  2026-04-10T14:06:47.219Z DECISION_SERVICE: Audiences for rule Everyone Else collectively evaluated to TRUE. @ https://cdn.quantummetric.com/qscripts/quantum-wu.js:112
[   53039ms] [INFO] [OPTIMIZELY] - INFO  2026-04-10T14:06:47.219Z OPTIMIZELY: Feature forget_password_mfa is not enabled for user e2e8560a-db41-4a43-bb41-f04a218ec09c. @ https://cdn.quantummetric.com/qscripts/quantum-wu.js:112
[   53039ms] [WARNING] [OPTIMIZELY] - WARN  2026-04-10T14:06:47.219Z OPTIMIZELY: Event key default-rollout-360670-451731670190945 is not in datafile. @ https://cdn.quantummetric.com/qscripts/quantum-wu.js:112
[   53039ms] [WARNING] [OPTIMIZELY] - WARN  2026-04-10T14:06:47.220Z OPTIMIZELY: Not tracking user e2e8560a-db41-4a43-bb41-f04a218ec09c. @ https://cdn.quantummetric.com/qscripts/quantum-wu.js:112
[   53064ms] [WARNING] For 'api_RegisterCustomer', the corresponding attribute value of 'FIRSTNAME' must be a string, number, boolean, or null. @ https://cdn.quantummetric.com/qscripts/quantum-wu.js:112
[   55290ms] [INFO] [OPTIMIZELY] - INFO  2026-04-10T14:06:49 DECISION_SERVICE: Audiences for rule Everyone Else collectively evaluated to TRUE. @ https://cdn.quantummetric.com/qscripts/quantum-wu.js:112
[   55291ms] [INFO] [OPTIMIZELY] - INFO  2026-04-10T14:06:49 OPTIMIZELY: Feature forget_password_mfa is not enabled for user e2e8560a-db41-4a43-bb41-f04a218ec09c. @ https://cdn.quantummetric.com/qscripts/quantum-wu.js:112
[   55291ms] [WARNING] [OPTIMIZELY] - WARN  2026-04-10T14:06:49 OPTIMIZELY: Event key default-rollout-360670-451731670190945 is not in datafile. @ https://cdn.quantummetric.com/qscripts/quantum-wu.js:112
[   55291ms] [WARNING] [OPTIMIZELY] - WARN  2026-04-10T14:06:49 OPTIMIZELY: Not tracking user e2e8560a-db41-4a43-bb41-f04a218ec09c. @ https://cdn.quantummetric.com/qscripts/quantum-wu.js:112
[   55323ms] [ERROR] Attribute value cannot be object or array @ https://cdn.quantummetric.com/qscripts/quantum-wu.js:112
[   55324ms] [ERROR] Attribute value cannot be object or array @ https://cdn.quantummetric.com/qscripts/quantum-wu.js:112
[   55606ms] [LOG] %c2026-04-10T14:06:49 LOG [main.c72568e3234b953d.js:1:349520] color:gray hadoopAnalyticService Response- {status: OK} @ https://cdn.quantummetric.com/qscripts/quantum-wu.js:112
[   55606ms] [LOG] %c2026-04-10T14:06:49 LOG [main.c72568e3234b953d.js:1:224606] color:gray Hadoop Analytic api post done... @ https://cdn.quantummetric.com/qscripts/quantum-wu.js:112
[   55744ms] [ERROR] {} @ https://cdn.quantummetric.com/qscripts/quantum-wu.js:112
[   55811ms] [INFO] [OPTIMIZELY] - INFO  2026-04-10T14:06:49 DECISION_SERVICE: Audiences for rule Everyone Else collectively evaluated to TRUE. @ https://cdn.quantummetric.com/qscripts/quantum-wu.js:112
[   55812ms] [INFO] [OPTIMIZELY] - INFO  2026-04-10T14:06:49 OPTIMIZELY: Feature forget_password_mfa is not enabled for user e2e8560a-db41-4a43-bb41-f04a218ec09c. @ https://cdn.quantummetric.com/qscripts/quantum-wu.js:112
[   55812ms] [WARNING] [OPTIMIZELY] - WARN  2026-04-10T14:06:49 OPTIMIZELY: Event key default-rollout-360670-451731670190945 is not in datafile. @ https://cdn.quantummetric.com/qscripts/quantum-wu.js:112
[   55813ms] [WARNING] [OPTIMIZELY] - WARN  2026-04-10T14:06:49 OPTIMIZELY: Not tracking user e2e8560a-db41-4a43-bb41-f04a218ec09c. @ https://cdn.quantummetric.com/qscripts/quantum-wu.js:112
[   55827ms] [LOG] CJ Event received null @ https://cdn.quantummetric.com/qscripts/quantum-wu.js:112
[   55959ms] [INFO] [OPTIMIZELY] - INFO  2026-04-10T14:06:50 DECISION_SERVICE: Audiences for rule Everyone Else collectively evaluated to TRUE. @ https://cdn.quantummetric.com/qscripts/quantum-wu.js:112
[   55960ms] [INFO] [OPTIMIZELY] - INFO  2026-04-10T14:06:50 OPTIMIZELY: Feature forget_password_mfa is not enabled for user e2e8560a-db41-4a43-bb41-f04a218ec09c. @ https://cdn.quantummetric.com/qscripts/quantum-wu.js:112
[   55960ms] [WARNING] [OPTIMIZELY] - WARN  2026-04-10T14:06:50 OPTIMIZELY: Event key default-rollout-360670-451731670190945 is not in datafile. @ https://cdn.quantummetric.com/qscripts/quantum-wu.js:112
[   55960ms] [WARNING] [OPTIMIZELY] - WARN  2026-04-10T14:06:50 OPTIMIZELY: Not tracking user e2e8560a-db41-4a43-bb41-f04a218ec09c. @ https://cdn.quantummetric.com/qscripts/quantum-wu.js:112
[   56040ms] [ERROR] {} @ https://cdn.quantummetric.com/qscripts/quantum-wu.js:112
[   56076ms] [INFO] [OPTIMIZELY] - INFO  2026-04-10T14:06:50 DECISION_SERVICE: Audiences for rule Everyone Else collectively evaluated to TRUE. @ https://cdn.quantummetric.com/qscripts/quantum-wu.js:112
[   56076ms] [INFO] [OPTIMIZELY] - INFO  2026-04-10T14:06:50 OPTIMIZELY: Feature forget_password_mfa is not enabled for user e2e8560a-db41-4a43-bb41-f04a218ec09c. @ https://cdn.quantummetric.com/qscripts/quantum-wu.js:112
[   56076ms] [WARNING] [OPTIMIZELY] - WARN  2026-04-10T14:06:50 OPTIMIZELY: Event key default-rollout-360670-451731670190945 is not in datafile. @ https://cdn.quantummetric.com/qscripts/quantum-wu.js:112
[   56077ms] [WARNING] [OPTIMIZELY] - WARN  2026-04-10T14:06:50 OPTIMIZELY: Not tracking user e2e8560a-db41-4a43-bb41-f04a218ec09c. @ https://cdn.quantummetric.com/qscripts/quantum-wu.js:112
[   56147ms] [INFO] [OPTIMIZELY] - INFO  2026-04-10T14:06:50 DECISION_SERVICE: Audiences for rule Everyone Else collectively evaluated to TRUE. @ https://cdn.quantummetric.com/qscripts/quantum-wu.js:112
[   56148ms] [INFO] [OPTIMIZELY] - INFO  2026-04-10T14:06:50 OPTIMIZELY: Feature forget_password_mfa is not enabled for user e2e8560a-db41-4a43-bb41-f04a218ec09c. @ https://cdn.quantummetric.com/qscripts/quantum-wu.js:112
[   56412ms] [INFO] [OPTIMIZELY] - INFO  2026-04-10T14:06:50 DECISION_SERVICE: Audiences for rule Everyone Else collectively evaluated to TRUE. @ https://cdn.quantummetric.com/qscripts/quantum-wu.js:112
[   56413ms] [INFO] [OPTIMIZELY] - INFO  2026-04-10T14:06:50 OPTIMIZELY: Feature forget_password_mfa is not enabled for user e2e8560a-db41-4a43-bb41-f04a218ec09c. @ https://cdn.quantummetric.com/qscripts/quantum-wu.js:112
[   56413ms] [WARNING] [OPTIMIZELY] - WARN  2026-04-10T14:06:50 OPTIMIZELY: Event key default-rollout-360670-451731670190945 is not in datafile. @ https://cdn.quantummetric.com/qscripts/quantum-wu.js:112
[   56413ms] [WARNING] [OPTIMIZELY] - WARN  2026-04-10T14:06:50 OPTIMIZELY: Not tracking user e2e8560a-db41-4a43-bb41-f04a218ec09c. @ https://cdn.quantummetric.com/qscripts/quantum-wu.js:112
[   56507ms] [ERROR] Attestation check for Attribution Reporting on https://www.facebook.com failed. @ https://www.westernunion.com/jp/ja/web/user/verification-instructions:0
[   56512ms] [LOG] -------------R3 AEP Web SDK page load fired------------- @ https://cdn.quantummetric.com/qscripts/quantum-wu.js:112
[   56629ms] [INFO] Pinterest Tag Error: 'load' command was called multiple times.  Previously for tag id '%s', now for tag id '%s'. 2614009158756 2614009158756 @ https://cdn.quantummetric.com/qscripts/quantum-wu.js:112
[   56689ms] [LOG] Hello from One Trust Cookie Consent Loop[object Object] @ https://cdn.quantummetric.com/qscripts/quantum-wu.js:112
[   56840ms] [ERROR] Attestation check for Attribution Reporting on https://www.facebook.com failed. @ https://www.westernunion.com/jp/ja/web/user/verification-instructions:0
[   56847ms] [ERROR] Attestation check for Attribution Reporting on https://www.facebook.com failed. @ https://www.westernunion.com/jp/ja/web/user/verification-instructions:0
[   56870ms] [WARNING] [TikTok Pixel] - Duplicate Pixel ID
Issue: The pixel ID is duplicate. This could impact the pixel data accuracy.
Suggestion: Please double check and delete any unnecessary pixel code. @ https://cdn.quantummetric.com/qscripts/quantum-wu.js:112
[   57908ms] [LOG] --------------R3 AEP Web SDK track link click fired----------- @ https://cdn.quantummetric.com/qscripts/quantum-wu.js:112
[   57927ms] [INFO] [OPTIMIZELY] - INFO  2026-04-10T14:06:52 DECISION_SERVICE: Audiences for rule Everyone Else collectively evaluated to TRUE. @ https://cdn.quantummetric.com/qscripts/quantum-wu.js:112
[   57927ms] [INFO] [OPTIMIZELY] - INFO  2026-04-10T14:06:52 OPTIMIZELY: Feature forget_password_mfa is not enabled for user e2e8560a-db41-4a43-bb41-f04a218ec09c. @ https://cdn.quantummetric.com/qscripts/quantum-wu.js:112
[   58021ms] [INFO] [OPTIMIZELY] - INFO  2026-04-10T14:06:52 DECISION_SERVICE: Audiences for rule Everyone Else collectively evaluated to TRUE. @ https://cdn.quantummetric.com/qscripts/quantum-wu.js:112
[   58022ms] [INFO] [OPTIMIZELY] - INFO  2026-04-10T14:06:52 OPTIMIZELY: Feature forget_password_mfa is not enabled for user e2e8560a-db41-4a43-bb41-f04a218ec09c. @ https://cdn.quantummetric.com/qscripts/quantum-wu.js:112
[   58022ms] [WARNING] [OPTIMIZELY] - WARN  2026-04-10T14:06:52 OPTIMIZELY: Event key default-rollout-360670-451731670190945 is not in datafile. @ https://cdn.quantummetric.com/qscripts/quantum-wu.js:112
[   58022ms] [WARNING] [OPTIMIZELY] - WARN  2026-04-10T14:06:52 OPTIMIZELY: Not tracking user e2e8560a-db41-4a43-bb41-f04a218ec09c. @ https://cdn.quantummetric.com/qscripts/quantum-wu.js:112
[   58119ms] [INFO] [OPTIMIZELY] - INFO  2026-04-10T14:06:52 DECISION_SERVICE: Audiences for rule Everyone Else collectively evaluated to TRUE. @ https://cdn.quantummetric.com/qscripts/quantum-wu.js:112
[   58120ms] [INFO] [OPTIMIZELY] - INFO  2026-04-10T14:06:52 OPTIMIZELY: Feature forget_password_mfa is not enabled for user e2e8560a-db41-4a43-bb41-f04a218ec09c. @ https://cdn.quantummetric.com/qscripts/quantum-wu.js:112
[   58121ms] [WARNING] [OPTIMIZELY] - WARN  2026-04-10T14:06:52 OPTIMIZELY: Event key default-rollout-360670-451731670190945 is not in datafile. @ https://cdn.quantummetric.com/qscripts/quantum-wu.js:112
[   58122ms] [WARNING] [OPTIMIZELY] - WARN  2026-04-10T14:06:52 OPTIMIZELY: Not tracking user e2e8560a-db41-4a43-bb41-f04a218ec09c. @ https://cdn.quantummetric.com/qscripts/quantum-wu.js:112
[   58180ms] [LOG] -------------R3 AEP Web SDK page load fired------------- @ https://cdn.quantummetric.com/qscripts/quantum-wu.js:112
[   58215ms] [ERROR] Attestation check for Attribution Reporting on https://www.facebook.com failed. @ https://www.westernunion.com/jp/ja/web/user/onboarding:0
[   58246ms] [INFO] Pinterest Tag Error: 'load' command was called multiple times.  Previously for tag id '%s', now for tag id '%s'. 2614009158756 2614009158756 @ https://cdn.quantummetric.com/qscripts/quantum-wu.js:112
[   58287ms] [LOG] Hello from One Trust Cookie Consent Loop[object Object] @ https://cdn.quantummetric.com/qscripts/quantum-wu.js:112
[   58505ms] [ERROR] Attestation check for Attribution Reporting on https://www.facebook.com failed. @ https://www.westernunion.com/jp/ja/web/user/onboarding:0
[   58508ms] [WARNING] [TikTok Pixel] - Duplicate Pixel ID
Issue: The pixel ID is duplicate. This could impact the pixel data accuracy.
Suggestion: Please double check and delete any unnecessary pixel code. @ https://cdn.quantummetric.com/qscripts/quantum-wu.js:112
[   59440ms] [INFO] [OPTIMIZELY] - INFO  2026-04-10T14:06:53 DECISION_SERVICE: Audiences for rule Everyone Else collectively evaluated to TRUE. @ https://cdn.quantummetric.com/qscripts/quantum-wu.js:112
[   59441ms] [INFO] [OPTIMIZELY] - INFO  2026-04-10T14:06:53 OPTIMIZELY: Feature forget_password_mfa is not enabled for user e2e8560a-db41-4a43-bb41-f04a218ec09c. @ https://cdn.quantummetric.com/qscripts/quantum-wu.js:112
[   59441ms] [WARNING] [OPTIMIZELY] - WARN  2026-04-10T14:06:53 OPTIMIZELY: Event key default-rollout-360670-451731670190945 is not in datafile. @ https://cdn.quantummetric.com/qscripts/quantum-wu.js:112
[   59441ms] [WARNING] [OPTIMIZELY] - WARN  2026-04-10T14:06:53 OPTIMIZELY: Not tracking user e2e8560a-db41-4a43-bb41-f04a218ec09c. @ https://cdn.quantummetric.com/qscripts/quantum-wu.js:112
[   59529ms] [ERROR] {} @ https://cdn.quantummetric.com/qscripts/quantum-wu.js:112
[   60073ms] [INFO] [OPTIMIZELY] - INFO  2026-04-10T14:06:54 DECISION_SERVICE: Audiences for rule Everyone Else collectively evaluated to TRUE. @ https://cdn.quantummetric.com/qscripts/quantum-wu.js:112
[   60074ms] [INFO] [OPTIMIZELY] - INFO  2026-04-10T14:06:54 OPTIMIZELY: Feature forget_password_mfa is not enabled for user e2e8560a-db41-4a43-bb41-f04a218ec09c. @ https://cdn.quantummetric.com/qscripts/quantum-wu.js:112
[   60074ms] [WARNING] [OPTIMIZELY] - WARN  2026-04-10T14:06:54 OPTIMIZELY: Event key default-rollout-360670-451731670190945 is not in datafile. @ https://cdn.quantummetric.com/qscripts/quantum-wu.js:112
[   60074ms] [WARNING] [OPTIMIZELY] - WARN  2026-04-10T14:06:54 OPTIMIZELY: Not tracking user e2e8560a-db41-4a43-bb41-f04a218ec09c. @ https://cdn.quantummetric.com/qscripts/quantum-wu.js:112
[   69065ms] [INFO] [OPTIMIZELY] - INFO  2026-04-10T14:07:03 DECISION_SERVICE: Audiences for rule Everyone Else collectively evaluated to TRUE. @ https://cdn.quantummetric.com/qscripts/quantum-wu.js:112
[   69065ms] [INFO] [OPTIMIZELY] - INFO  2026-04-10T14:07:03 OPTIMIZELY: Feature forget_password_mfa is not enabled for user e2e8560a-db41-4a43-bb41-f04a218ec09c. @ https://cdn.quantummetric.com/qscripts/quantum-wu.js:112
[   69065ms] [WARNING] [OPTIMIZELY] - WARN  2026-04-10T14:07:03 OPTIMIZELY: Event key default-rollout-360670-451731670190945 is not in datafile. @ https://cdn.quantummetric.com/qscripts/quantum-wu.js:112
[   69065ms] [WARNING] [OPTIMIZELY] - WARN  2026-04-10T14:07:03 OPTIMIZELY: Not tracking user e2e8560a-db41-4a43-bb41-f04a218ec09c. @ https://cdn.quantummetric.com/qscripts/quantum-wu.js:112
[   69794ms] [INFO] [OPTIMIZELY] - INFO  2026-04-10T14:07:03 DECISION_SERVICE: Audiences for rule Everyone Else collectively evaluated to TRUE. @ https://cdn.quantummetric.com/qscripts/quantum-wu.js:112
[   69794ms] [INFO] [OPTIMIZELY] - INFO  2026-04-10T14:07:03 OPTIMIZELY: Feature forget_password_mfa is not enabled for user e2e8560a-db41-4a43-bb41-f04a218ec09c. @ https://cdn.quantummetric.com/qscripts/quantum-wu.js:112
[   69794ms] [WARNING] [OPTIMIZELY] - WARN  2026-04-10T14:07:03 OPTIMIZELY: Event key default-rollout-360670-451731670190945 is not in datafile. @ https://cdn.quantummetric.com/qscripts/quantum-wu.js:112
[   69794ms] [WARNING] [OPTIMIZELY] - WARN  2026-04-10T14:07:03 OPTIMIZELY: Not tracking user e2e8560a-db41-4a43-bb41-f04a218ec09c. @ https://cdn.quantummetric.com/qscripts/quantum-wu.js:112
[   70510ms] [INFO] [OPTIMIZELY] - INFO  2026-04-10T14:07:04 DECISION_SERVICE: Audiences for rule Everyone Else collectively evaluated to TRUE. @ https://cdn.quantummetric.com/qscripts/quantum-wu.js:112
[   70510ms] [INFO] [OPTIMIZELY] - INFO  2026-04-10T14:07:04 OPTIMIZELY: Feature forget_password_mfa is not enabled for user e2e8560a-db41-4a43-bb41-f04a218ec09c. @ https://cdn.quantummetric.com/qscripts/quantum-wu.js:112
[   70510ms] [WARNING] [OPTIMIZELY] - WARN  2026-04-10T14:07:04 OPTIMIZELY: Event key default-rollout-360670-451731670190945 is not in datafile. @ https://cdn.quantummetric.com/qscripts/quantum-wu.js:112
[   70510ms] [WARNING] [OPTIMIZELY] - WARN  2026-04-10T14:07:04 OPTIMIZELY: Not tracking user e2e8560a-db41-4a43-bb41-f04a218ec09c. @ https://cdn.quantummetric.com/qscripts/quantum-wu.js:112
[   71792ms] [INFO] [OPTIMIZELY] - INFO  2026-04-10T14:07:05 DECISION_SERVICE: Audiences for rule Everyone Else collectively evaluated to TRUE. @ https://cdn.quantummetric.com/qscripts/quantum-wu.js:112
[   71792ms] [INFO] [OPTIMIZELY] - INFO  2026-04-10T14:07:05 OPTIMIZELY: Feature forget_password_mfa is not enabled for user e2e8560a-db41-4a43-bb41-f04a218ec09c. @ https://cdn.quantummetric.com/qscripts/quantum-wu.js:112
[   71792ms] [WARNING] [OPTIMIZELY] - WARN  2026-04-10T14:07:05 OPTIMIZELY: Event key default-rollout-360670-451731670190945 is not in datafile. @ https://cdn.quantummetric.com/qscripts/quantum-wu.js:112
[   71792ms] [WARNING] [OPTIMIZELY] - WARN  2026-04-10T14:07:05 OPTIMIZELY: Not tracking user e2e8560a-db41-4a43-bb41-f04a218ec09c. @ https://cdn.quantummetric.com/qscripts/quantum-wu.js:112
[   72492ms] [INFO] [OPTIMIZELY] - INFO  2026-04-10T14:07:06 DECISION_SERVICE: Audiences for rule Everyone Else collectively evaluated to TRUE. @ https://cdn.quantummetric.com/qscripts/quantum-wu.js:112
[   72492ms] [INFO] [OPTIMIZELY] - INFO  2026-04-10T14:07:06 OPTIMIZELY: Feature forget_password_mfa is not enabled for user e2e8560a-db41-4a43-bb41-f04a218ec09c. @ https://cdn.quantummetric.com/qscripts/quantum-wu.js:112
[   72492ms] [WARNING] [OPTIMIZELY] - WARN  2026-04-10T14:07:06 OPTIMIZELY: Event key default-rollout-360670-451731670190945 is not in datafile. @ https://cdn.quantummetric.com/qscripts/quantum-wu.js:112
[   72492ms] [WARNING] [OPTIMIZELY] - WARN  2026-04-10T14:07:06 OPTIMIZELY: Not tracking user e2e8560a-db41-4a43-bb41-f04a218ec09c. @ https://cdn.quantummetric.com/qscripts/quantum-wu.js:112
[   74082ms] [INFO] [OPTIMIZELY] - INFO  2026-04-10T14:07:08 DECISION_SERVICE: Audiences for rule Everyone Else collectively evaluated to TRUE. @ https://cdn.quantummetric.com/qscripts/quantum-wu.js:112
[   74083ms] [INFO] [OPTIMIZELY] - INFO  2026-04-10T14:07:08 OPTIMIZELY: Feature forget_password_mfa is not enabled for user e2e8560a-db41-4a43-bb41-f04a218ec09c. @ https://cdn.quantummetric.com/qscripts/quantum-wu.js:112
[   74083ms] [WARNING] [OPTIMIZELY] - WARN  2026-04-10T14:07:08 OPTIMIZELY: Event key default-rollout-360670-451731670190945 is not in datafile. @ https://cdn.quantummetric.com/qscripts/quantum-wu.js:112
[   74083ms] [WARNING] [OPTIMIZELY] - WARN  2026-04-10T14:07:08 OPTIMIZELY: Not tracking user e2e8560a-db41-4a43-bb41-f04a218ec09c. @ https://cdn.quantummetric.com/qscripts/quantum-wu.js:112
[   74804ms] [INFO] [OPTIMIZELY] - INFO  2026-04-10T14:07:08 DECISION_SERVICE: Audiences for rule Everyone Else collectively evaluated to TRUE. @ https://cdn.quantummetric.com/qscripts/quantum-wu.js:112
[   74805ms] [INFO] [OPTIMIZELY] - INFO  2026-04-10T14:07:08 OPTIMIZELY: Feature forget_password_mfa is not enabled for user e2e8560a-db41-4a43-bb41-f04a218ec09c. @ https://cdn.quantummetric.com/qscripts/quantum-wu.js:112
[   74805ms] [WARNING] [OPTIMIZELY] - WARN  2026-04-10T14:07:08 OPTIMIZELY: Event key default-rollout-360670-451731670190945 is not in datafile. @ https://cdn.quantummetric.com/qscripts/quantum-wu.js:112
[   74805ms] [WARNING] [OPTIMIZELY] - WARN  2026-04-10T14:07:08 OPTIMIZELY: Not tracking user e2e8560a-db41-4a43-bb41-f04a218ec09c. @ https://cdn.quantummetric.com/qscripts/quantum-wu.js:112
[   75302ms] [INFO] [OPTIMIZELY] - INFO  2026-04-10T14:07:09 DECISION_SERVICE: Audiences for rule Everyone Else collectively evaluated to TRUE. @ https://cdn.quantummetric.com/qscripts/quantum-wu.js:112
[   75302ms] [INFO] [OPTIMIZELY] - INFO  2026-04-10T14:07:09 OPTIMIZELY: Feature forget_password_mfa is not enabled for user e2e8560a-db41-4a43-bb41-f04a218ec09c. @ https://cdn.quantummetric.com/qscripts/quantum-wu.js:112
[   75302ms] [WARNING] [OPTIMIZELY] - WARN  2026-04-10T14:07:09 OPTIMIZELY: Event key default-rollout-360670-451731670190945 is not in datafile. @ https://cdn.quantummetric.com/qscripts/quantum-wu.js:112
[   75302ms] [WARNING] [OPTIMIZELY] - WARN  2026-04-10T14:07:09 OPTIMIZELY: Not tracking user e2e8560a-db41-4a43-bb41-f04a218ec09c. @ https://cdn.quantummetric.com/qscripts/quantum-wu.js:112
[   75972ms] [INFO] [OPTIMIZELY] - INFO  2026-04-10T14:07:10 DECISION_SERVICE: Audiences for rule Everyone Else collectively evaluated to TRUE. @ https://cdn.quantummetric.com/qscripts/quantum-wu.js:112
[   75972ms] [INFO] [OPTIMIZELY] - INFO  2026-04-10T14:07:10 OPTIMIZELY: Feature forget_password_mfa is not enabled for user e2e8560a-db41-4a43-bb41-f04a218ec09c. @ https://cdn.quantummetric.com/qscripts/quantum-wu.js:112
[   75972ms] [WARNING] [OPTIMIZELY] - WARN  2026-04-10T14:07:10 OPTIMIZELY: Event key default-rollout-360670-451731670190945 is not in datafile. @ https://cdn.quantummetric.com/qscripts/quantum-wu.js:112
[   75973ms] [WARNING] [OPTIMIZELY] - WARN  2026-04-10T14:07:10 OPTIMIZELY: Not tracking user e2e8560a-db41-4a43-bb41-f04a218ec09c. @ https://cdn.quantummetric.com/qscripts/quantum-wu.js:112
[   77607ms] [INFO] [OPTIMIZELY] - INFO  2026-04-10T14:07:11 DECISION_SERVICE: Audiences for rule Everyone Else collectively evaluated to TRUE. @ https://cdn.quantummetric.com/qscripts/quantum-wu.js:112
[   77607ms] [INFO] [OPTIMIZELY] - INFO  2026-04-10T14:07:11 OPTIMIZELY: Feature forget_password_mfa is not enabled for user e2e8560a-db41-4a43-bb41-f04a218ec09c. @ https://cdn.quantummetric.com/qscripts/quantum-wu.js:112
[   77607ms] [WARNING] [OPTIMIZELY] - WARN  2026-04-10T14:07:11 OPTIMIZELY: Event key default-rollout-360670-451731670190945 is not in datafile. @ https://cdn.quantummetric.com/qscripts/quantum-wu.js:112
[   77607ms] [WARNING] [OPTIMIZELY] - WARN  2026-04-10T14:07:11 OPTIMIZELY: Not tracking user e2e8560a-db41-4a43-bb41-f04a218ec09c. @ https://cdn.quantummetric.com/qscripts/quantum-wu.js:112
[   78337ms] [INFO] [OPTIMIZELY] - INFO  2026-04-10T14:07:12 DECISION_SERVICE: Audiences for rule Everyone Else collectively evaluated to TRUE. @ https://cdn.quantummetric.com/qscripts/quantum-wu.js:112
[   78337ms] [INFO] [OPTIMIZELY] - INFO  2026-04-10T14:07:12 OPTIMIZELY: Feature forget_password_mfa is not enabled for user e2e8560a-db41-4a43-bb41-f04a218ec09c. @ https://cdn.quantummetric.com/qscripts/quantum-wu.js:112
[   78337ms] [WARNING] [OPTIMIZELY] - WARN  2026-04-10T14:07:12 OPTIMIZELY: Event key default-rollout-360670-451731670190945 is not in datafile. @ https://cdn.quantummetric.com/qscripts/quantum-wu.js:112
[   78337ms] [WARNING] [OPTIMIZELY] - WARN  2026-04-10T14:07:12 OPTIMIZELY: Not tracking user e2e8560a-db41-4a43-bb41-f04a218ec09c. @ https://cdn.quantummetric.com/qscripts/quantum-wu.js:112
[   78343ms] [LOG] --------------R3 AEP Web SDK track link click fired----------- @ https://cdn.quantummetric.com/qscripts/quantum-wu.js:112
[   78359ms] [INFO] [OPTIMIZELY] - INFO  2026-04-10T14:07:12 DECISION_SERVICE: Audiences for rule Everyone Else collectively evaluated to TRUE. @ https://cdn.quantummetric.com/qscripts/quantum-wu.js:112
[   78359ms] [INFO] [OPTIMIZELY] - INFO  2026-04-10T14:07:12 OPTIMIZELY: Feature forget_password_mfa is not enabled for user e2e8560a-db41-4a43-bb41-f04a218ec09c. @ https://cdn.quantummetric.com/qscripts/quantum-wu.js:112
[   78359ms] [WARNING] [OPTIMIZELY] - WARN  2026-04-10T14:07:12 OPTIMIZELY: Event key default-rollout-360670-451731670190945 is not in datafile. @ https://cdn.quantummetric.com/qscripts/quantum-wu.js:112
[   78359ms] [WARNING] [OPTIMIZELY] - WARN  2026-04-10T14:07:12 OPTIMIZELY: Not tracking user e2e8560a-db41-4a43-bb41-f04a218ec09c. @ https://cdn.quantummetric.com/qscripts/quantum-wu.js:112
[   78866ms] [INFO] [OPTIMIZELY] - INFO  2026-04-10T14:07:13 DECISION_SERVICE: Audiences for rule Everyone Else collectively evaluated to TRUE. @ https://cdn.quantummetric.com/qscripts/quantum-wu.js:112
[   78867ms] [INFO] [OPTIMIZELY] - INFO  2026-04-10T14:07:13 OPTIMIZELY: Feature forget_password_mfa is not enabled for user e2e8560a-db41-4a43-bb41-f04a218ec09c. @ https://cdn.quantummetric.com/qscripts/quantum-wu.js:112
[   78867ms] [WARNING] [OPTIMIZELY] - WARN  2026-04-10T14:07:13 OPTIMIZELY: Event key default-rollout-360670-451731670190945 is not in datafile. @ https://cdn.quantummetric.com/qscripts/quantum-wu.js:112
[   78867ms] [WARNING] [OPTIMIZELY] - WARN  2026-04-10T14:07:13 OPTIMIZELY: Not tracking user e2e8560a-db41-4a43-bb41-f04a218ec09c. @ https://cdn.quantummetric.com/qscripts/quantum-wu.js:112
[   79135ms] [INFO] [OPTIMIZELY] - INFO  2026-04-10T14:07:13 DECISION_SERVICE: Audiences for rule Everyone Else collectively evaluated to TRUE. @ https://cdn.quantummetric.com/qscripts/quantum-wu.js:112
[   79135ms] [INFO] [OPTIMIZELY] - INFO  2026-04-10T14:07:13 OPTIMIZELY: Feature forget_password_mfa is not enabled for user e2e8560a-db41-4a43-bb41-f04a218ec09c. @ https://cdn.quantummetric.com/qscripts/quantum-wu.js:112
[   79135ms] [WARNING] [OPTIMIZELY] - WARN  2026-04-10T14:07:13 OPTIMIZELY: Event key default-rollout-360670-451731670190945 is not in datafile. @ https://cdn.quantummetric.com/qscripts/quantum-wu.js:112
[   79136ms] [WARNING] [OPTIMIZELY] - WARN  2026-04-10T14:07:13 OPTIMIZELY: Not tracking user e2e8560a-db41-4a43-bb41-f04a218ec09c. @ https://cdn.quantummetric.com/qscripts/quantum-wu.js:112
[   79142ms] [LOG] --------------R3 AEP Web SDK track link click fired----------- @ https://cdn.quantummetric.com/qscripts/quantum-wu.js:112
[   79156ms] [INFO] [OPTIMIZELY] - INFO  2026-04-10T14:07:13 DECISION_SERVICE: Audiences for rule Everyone Else collectively evaluated to TRUE. @ https://cdn.quantummetric.com/qscripts/quantum-wu.js:112
[   79157ms] [INFO] [OPTIMIZELY] - INFO  2026-04-10T14:07:13 OPTIMIZELY: Feature forget_password_mfa is not enabled for user e2e8560a-db41-4a43-bb41-f04a218ec09c. @ https://cdn.quantummetric.com/qscripts/quantum-wu.js:112
[   79157ms] [WARNING] [OPTIMIZELY] - WARN  2026-04-10T14:07:13 OPTIMIZELY: Event key default-rollout-360670-451731670190945 is not in datafile. @ https://cdn.quantummetric.com/qscripts/quantum-wu.js:112
[   79157ms] [WARNING] [OPTIMIZELY] - WARN  2026-04-10T14:07:13 OPTIMIZELY: Not tracking user e2e8560a-db41-4a43-bb41-f04a218ec09c. @ https://cdn.quantummetric.com/qscripts/quantum-wu.js:112
[   79541ms] [LOG] --------------R3 AEP Web SDK track link click fired----------- @ https://cdn.quantummetric.com/qscripts/quantum-wu.js:112
[   79556ms] [INFO] [OPTIMIZELY] - INFO  2026-04-10T14:07:13 DECISION_SERVICE: Audiences for rule Everyone Else collectively evaluated to TRUE. @ https://cdn.quantummetric.com/qscripts/quantum-wu.js:112
[   79556ms] [INFO] [OPTIMIZELY] - INFO  2026-04-10T14:07:13 OPTIMIZELY: Feature forget_password_mfa is not enabled for user e2e8560a-db41-4a43-bb41-f04a218ec09c. @ https://cdn.quantummetric.com/qscripts/quantum-wu.js:112
[   79556ms] [WARNING] [OPTIMIZELY] - WARN  2026-04-10T14:07:13 OPTIMIZELY: Event key default-rollout-360670-451731670190945 is not in datafile. @ https://cdn.quantummetric.com/qscripts/quantum-wu.js:112
[   79556ms] [WARNING] [OPTIMIZELY] - WARN  2026-04-10T14:07:13 OPTIMIZELY: Not tracking user e2e8560a-db41-4a43-bb41-f04a218ec09c. @ https://cdn.quantummetric.com/qscripts/quantum-wu.js:112
[   79587ms] [INFO] [OPTIMIZELY] - INFO  2026-04-10T14:07:13 DECISION_SERVICE: Audiences for rule Everyone Else collectively evaluated to TRUE. @ https://cdn.quantummetric.com/qscripts/quantum-wu.js:112
[   79588ms] [INFO] [OPTIMIZELY] - INFO  2026-04-10T14:07:13 OPTIMIZELY: Feature forget_password_mfa is not enabled for user e2e8560a-db41-4a43-bb41-f04a218ec09c. @ https://cdn.quantummetric.com/qscripts/quantum-wu.js:112
[   79766ms] [INFO] [OPTIMIZELY] - INFO  2026-04-10T14:07:13 DECISION_SERVICE: Audiences for rule Everyone Else collectively evaluated to TRUE. @ https://cdn.quantummetric.com/qscripts/quantum-wu.js:112
[   79766ms] [INFO] [OPTIMIZELY] - INFO  2026-04-10T14:07:13 OPTIMIZELY: Feature forget_password_mfa is not enabled for user e2e8560a-db41-4a43-bb41-f04a218ec09c. @ https://cdn.quantummetric.com/qscripts/quantum-wu.js:112
[   79766ms] [WARNING] [OPTIMIZELY] - WARN  2026-04-10T14:07:13 OPTIMIZELY: Event key default-rollout-360670-451731670190945 is not in datafile. @ https://cdn.quantummetric.com/qscripts/quantum-wu.js:112
[   79766ms] [WARNING] [OPTIMIZELY] - WARN  2026-04-10T14:07:13 OPTIMIZELY: Not tracking user e2e8560a-db41-4a43-bb41-f04a218ec09c. @ https://cdn.quantummetric.com/qscripts/quantum-wu.js:112
[   79808ms] [LOG] -------------R3 AEP Web SDK page load fired------------- @ https://cdn.quantummetric.com/qscripts/quantum-wu.js:112
[   79845ms] [ERROR] Attestation check for Attribution Reporting on https://www.facebook.com failed. @ https://www.westernunion.com/jp/ja/web/user/select-nationality:0
[   79868ms] [INFO] Pinterest Tag Error: 'load' command was called multiple times.  Previously for tag id '%s', now for tag id '%s'. 2614009158756 2614009158756 @ https://cdn.quantummetric.com/qscripts/quantum-wu.js:112
[   79905ms] [LOG] Hello from One Trust Cookie Consent Loop[object Object] @ https://cdn.quantummetric.com/qscripts/quantum-wu.js:112
[   80111ms] [ERROR] Attestation check for Attribution Reporting on https://www.facebook.com failed. @ https://www.westernunion.com/jp/ja/web/user/select-nationality:0
[   80114ms] [WARNING] [TikTok Pixel] - Duplicate Pixel ID
Issue: The pixel ID is duplicate. This could impact the pixel data accuracy.
Suggestion: Please double check and delete any unnecessary pixel code. @ https://cdn.quantummetric.com/qscripts/quantum-wu.js:112
[   80907ms] [INFO] [OPTIMIZELY] - INFO  2026-04-10T14:07:15 DECISION_SERVICE: Audiences for rule Everyone Else collectively evaluated to TRUE. @ https://cdn.quantummetric.com/qscripts/quantum-wu.js:112
[   80907ms] [INFO] [OPTIMIZELY] - INFO  2026-04-10T14:07:15 OPTIMIZELY: Feature forget_password_mfa is not enabled for user e2e8560a-db41-4a43-bb41-f04a218ec09c. @ https://cdn.quantummetric.com/qscripts/quantum-wu.js:112
[   80908ms] [WARNING] [OPTIMIZELY] - WARN  2026-04-10T14:07:15 OPTIMIZELY: Event key default-rollout-360670-451731670190945 is not in datafile. @ https://cdn.quantummetric.com/qscripts/quantum-wu.js:112
[   80908ms] [WARNING] [OPTIMIZELY] - WARN  2026-04-10T14:07:15 OPTIMIZELY: Not tracking user e2e8560a-db41-4a43-bb41-f04a218ec09c. @ https://cdn.quantummetric.com/qscripts/quantum-wu.js:112
[   81573ms] [LOG] Inside initialization @ https://cdn.quantummetric.com/qscripts/quantum-wu.js:112
[   81573ms] [LOG] dropdown clicked! @ https://cdn.quantummetric.com/qscripts/quantum-wu.js:112
[   81728ms] [INFO] [OPTIMIZELY] - INFO  2026-04-10T14:07:15 DECISION_SERVICE: Audiences for rule Everyone Else collectively evaluated to TRUE. @ https://cdn.quantummetric.com/qscripts/quantum-wu.js:112
[   81728ms] [INFO] [OPTIMIZELY] - INFO  2026-04-10T14:07:15 OPTIMIZELY: Feature forget_password_mfa is not enabled for user e2e8560a-db41-4a43-bb41-f04a218ec09c. @ https://cdn.quantummetric.com/qscripts/quantum-wu.js:112
[   81728ms] [WARNING] [OPTIMIZELY] - WARN  2026-04-10T14:07:15 OPTIMIZELY: Event key default-rollout-360670-451731670190945 is not in datafile. @ https://cdn.quantummetric.com/qscripts/quantum-wu.js:112
[   81728ms] [WARNING] [OPTIMIZELY] - WARN  2026-04-10T14:07:15 OPTIMIZELY: Not tracking user e2e8560a-db41-4a43-bb41-f04a218ec09c. @ https://cdn.quantummetric.com/qscripts/quantum-wu.js:112
[   81742ms] [LOG] -------------R3 AEP Web SDK page load fired------------- @ https://cdn.quantummetric.com/qscripts/quantum-wu.js:112
[   81801ms] [ERROR] Attestation check for Attribution Reporting on https://www.facebook.com failed. @ https://www.westernunion.com/jp/ja/web/send-money/completeyourprofile:0
[   81824ms] [INFO] Pinterest Tag Error: 'load' command was called multiple times.  Previously for tag id '%s', now for tag id '%s'. 2614009158756 2614009158756 @ https://cdn.quantummetric.com/qscripts/quantum-wu.js:112
[   81860ms] [LOG] Hello from One Trust Cookie Consent Loop[object Object] @ https://cdn.quantummetric.com/qscripts/quantum-wu.js:112
[   82027ms] [ERROR] Attestation check for Attribution Reporting on https://www.facebook.com failed. @ https://www.westernunion.com/jp/ja/web/send-money/completeyourprofile:0
[   82054ms] [WARNING] [TikTok Pixel] - Duplicate Pixel ID
Issue: The pixel ID is duplicate. This could impact the pixel data accuracy.
Suggestion: Please double check and delete any unnecessary pixel code. @ https://cdn.quantummetric.com/qscripts/quantum-wu.js:112
[   83355ms] [INFO] [OPTIMIZELY] - INFO  2026-04-10T14:07:17 DECISION_SERVICE: Audiences for rule Everyone Else collectively evaluated to TRUE. @ https://cdn.quantummetric.com/qscripts/quantum-wu.js:112
[   83356ms] [INFO] [OPTIMIZELY] - INFO  2026-04-10T14:07:17 OPTIMIZELY: Feature forget_password_mfa is not enabled for user e2e8560a-db41-4a43-bb41-f04a218ec09c. @ https://cdn.quantummetric.com/qscripts/quantum-wu.js:112
[   83356ms] [WARNING] [OPTIMIZELY] - WARN  2026-04-10T14:07:17 OPTIMIZELY: Event key default-rollout-360670-451731670190945 is not in datafile. @ https://cdn.quantummetric.com/qscripts/quantum-wu.js:112
[   83357ms] [WARNING] [OPTIMIZELY] - WARN  2026-04-10T14:07:17 OPTIMIZELY: Not tracking user e2e8560a-db41-4a43-bb41-f04a218ec09c. @ https://cdn.quantummetric.com/qscripts/quantum-wu.js:112
[   83464ms] [ERROR] {} @ https://cdn.quantummetric.com/qscripts/quantum-wu.js:112
[   83658ms] [INFO] [OPTIMIZELY] - INFO  2026-04-10T14:07:17 DECISION_SERVICE: Audiences for rule Everyone Else collectively evaluated to TRUE. @ https://cdn.quantummetric.com/qscripts/quantum-wu.js:112
[   83658ms] [INFO] [OPTIMIZELY] - INFO  2026-04-10T14:07:17 OPTIMIZELY: Feature forget_password_mfa is not enabled for user e2e8560a-db41-4a43-bb41-f04a218ec09c. @ https://cdn.quantummetric.com/qscripts/quantum-wu.js:112
[   83658ms] [WARNING] [OPTIMIZELY] - WARN  2026-04-10T14:07:17 OPTIMIZELY: Event key default-rollout-360670-451731670190945 is not in datafile. @ https://cdn.quantummetric.com/qscripts/quantum-wu.js:112
[   83658ms] [WARNING] [OPTIMIZELY] - WARN  2026-04-10T14:07:17 OPTIMIZELY: Not tracking user e2e8560a-db41-4a43-bb41-f04a218ec09c. @ https://cdn.quantummetric.com/qscripts/quantum-wu.js:112
[   84304ms] [LOG] %c2026-04-10T14:07:18 LOG [main.c72568e3234b953d.js:1:899866] color:gray {} @ https://cdn.quantummetric.com/qscripts/quantum-wu.js:112
[   88794ms] [INFO] [OPTIMIZELY] - INFO  2026-04-10T14:07:22 DECISION_SERVICE: Audiences for rule Everyone Else collectively evaluated to TRUE. @ https://cdn.quantummetric.com/qscripts/quantum-wu.js:112
[   88795ms] [INFO] [OPTIMIZELY] - INFO  2026-04-10T14:07:22 OPTIMIZELY: Feature forget_password_mfa is not enabled for user e2e8560a-db41-4a43-bb41-f04a218ec09c. @ https://cdn.quantummetric.com/qscripts/quantum-wu.js:112
[   88795ms] [WARNING] [OPTIMIZELY] - WARN  2026-04-10T14:07:22 OPTIMIZELY: Event key default-rollout-360670-451731670190945 is not in datafile. @ https://cdn.quantummetric.com/qscripts/quantum-wu.js:112
[   88795ms] [WARNING] [OPTIMIZELY] - WARN  2026-04-10T14:07:22 OPTIMIZELY: Not tracking user e2e8560a-db41-4a43-bb41-f04a218ec09c. @ https://cdn.quantummetric.com/qscripts/quantum-wu.js:112
[   89155ms] [LOG] --------------R3 AEP Web SDK track link click fired----------- @ https://cdn.quantummetric.com/qscripts/quantum-wu.js:112
[   89177ms] [INFO] [OPTIMIZELY] - INFO  2026-04-10T14:07:23 DECISION_SERVICE: Audiences for rule Everyone Else collectively evaluated to TRUE. @ https://cdn.quantummetric.com/qscripts/quantum-wu.js:112
[   89178ms] [INFO] [OPTIMIZELY] - INFO  2026-04-10T14:07:23 OPTIMIZELY: Feature forget_password_mfa is not enabled for user e2e8560a-db41-4a43-bb41-f04a218ec09c. @ https://cdn.quantummetric.com/qscripts/quantum-wu.js:112
[   89178ms] [WARNING] [OPTIMIZELY] - WARN  2026-04-10T14:07:23 OPTIMIZELY: Event key default-rollout-360670-451731670190945 is not in datafile. @ https://cdn.quantummetric.com/qscripts/quantum-wu.js:112
[   89178ms] [WARNING] [OPTIMIZELY] - WARN  2026-04-10T14:07:23 OPTIMIZELY: Not tracking user e2e8560a-db41-4a43-bb41-f04a218ec09c. @ https://cdn.quantummetric.com/qscripts/quantum-wu.js:112
[   90005ms] [LOG] --------------R3 AEP Web SDK track link click fired----------- @ https://cdn.quantummetric.com/qscripts/quantum-wu.js:112
[   90020ms] [LOG] dropdown clicked! @ https://cdn.quantummetric.com/qscripts/quantum-wu.js:112
[   90022ms] [INFO] [OPTIMIZELY] - INFO  2026-04-10T14:07:24 DECISION_SERVICE: Audiences for rule Everyone Else collectively evaluated to TRUE. @ https://cdn.quantummetric.com/qscripts/quantum-wu.js:112
[   90022ms] [INFO] [OPTIMIZELY] - INFO  2026-04-10T14:07:24 OPTIMIZELY: Feature forget_password_mfa is not enabled for user e2e8560a-db41-4a43-bb41-f04a218ec09c. @ https://cdn.quantummetric.com/qscripts/quantum-wu.js:112
[   90022ms] [WARNING] [OPTIMIZELY] - WARN  2026-04-10T14:07:24 OPTIMIZELY: Event key default-rollout-360670-451731670190945 is not in datafile. @ https://cdn.quantummetric.com/qscripts/quantum-wu.js:112
[   90022ms] [WARNING] [OPTIMIZELY] - WARN  2026-04-10T14:07:24 OPTIMIZELY: Not tracking user e2e8560a-db41-4a43-bb41-f04a218ec09c. @ https://cdn.quantummetric.com/qscripts/quantum-wu.js:112
[   90434ms] [LOG] --------------R3 AEP Web SDK track link click fired----------- @ https://cdn.quantummetric.com/qscripts/quantum-wu.js:112
[   90450ms] [INFO] [OPTIMIZELY] - INFO  2026-04-10T14:07:24 DECISION_SERVICE: Audiences for rule Everyone Else collectively evaluated to TRUE. @ https://cdn.quantummetric.com/qscripts/quantum-wu.js:112
[   90450ms] [INFO] [OPTIMIZELY] - INFO  2026-04-10T14:07:24 OPTIMIZELY: Feature forget_password_mfa is not enabled for user e2e8560a-db41-4a43-bb41-f04a218ec09c. @ https://cdn.quantummetric.com/qscripts/quantum-wu.js:112
[   90450ms] [WARNING] [OPTIMIZELY] - WARN  2026-04-10T14:07:24 OPTIMIZELY: Event key default-rollout-360670-451731670190945 is not in datafile. @ https://cdn.quantummetric.com/qscripts/quantum-wu.js:112
[   90450ms] [WARNING] [OPTIMIZELY] - WARN  2026-04-10T14:07:24 OPTIMIZELY: Not tracking user e2e8560a-db41-4a43-bb41-f04a218ec09c. @ https://cdn.quantummetric.com/qscripts/quantum-wu.js:112
[   97944ms] [LOG] --------------R3 AEP Web SDK track link click fired----------- @ https://cdn.quantummetric.com/qscripts/quantum-wu.js:112
[   97962ms] [INFO] [OPTIMIZELY] - INFO  2026-04-10T14:07:32 DECISION_SERVICE: Audiences for rule Everyone Else collectively evaluated to TRUE. @ https://cdn.quantummetric.com/qscripts/quantum-wu.js:112
[   97962ms] [INFO] [OPTIMIZELY] - INFO  2026-04-10T14:07:32 OPTIMIZELY: Feature forget_password_mfa is not enabled for user e2e8560a-db41-4a43-bb41-f04a218ec09c. @ https://cdn.quantummetric.com/qscripts/quantum-wu.js:112
[   97962ms] [WARNING] [OPTIMIZELY] - WARN  2026-04-10T14:07:32 OPTIMIZELY: Event key default-rollout-360670-451731670190945 is not in datafile. @ https://cdn.quantummetric.com/qscripts/quantum-wu.js:112
[   97962ms] [WARNING] [OPTIMIZELY] - WARN  2026-04-10T14:07:32 OPTIMIZELY: Not tracking user e2e8560a-db41-4a43-bb41-f04a218ec09c. @ https://cdn.quantummetric.com/qscripts/quantum-wu.js:112
[  102714ms] [INFO] Autofocus processing was blocked because a document already has a focused element. @ https://www.westernunion.com/jp/ja/web/send-money/completeyourprofile:0
[  102747ms] [LOG] --------------R3 AEP Web SDK track link click fired----------- @ https://cdn.quantummetric.com/qscripts/quantum-wu.js:112
[  102763ms] [INFO] [OPTIMIZELY] - INFO  2026-04-10T14:07:36 DECISION_SERVICE: Audiences for rule Everyone Else collectively evaluated to TRUE. @ https://cdn.quantummetric.com/qscripts/quantum-wu.js:112
[  102764ms] [INFO] [OPTIMIZELY] - INFO  2026-04-10T14:07:36 OPTIMIZELY: Feature forget_password_mfa is not enabled for user e2e8560a-db41-4a43-bb41-f04a218ec09c. @ https://cdn.quantummetric.com/qscripts/quantum-wu.js:112
[  102764ms] [WARNING] [OPTIMIZELY] - WARN  2026-04-10T14:07:36 OPTIMIZELY: Event key default-rollout-360670-451731670190945 is not in datafile. @ https://cdn.quantummetric.com/qscripts/quantum-wu.js:112
[  102764ms] [WARNING] [OPTIMIZELY] - WARN  2026-04-10T14:07:36 OPTIMIZELY: Not tracking user e2e8560a-db41-4a43-bb41-f04a218ec09c. @ https://cdn.quantummetric.com/qscripts/quantum-wu.js:112
[  104475ms] [INFO] [OPTIMIZELY] - INFO  2026-04-10T14:07:38 DECISION_SERVICE: Audiences for rule Everyone Else collectively evaluated to TRUE. @ https://cdn.quantummetric.com/qscripts/quantum-wu.js:112
[  104475ms] [INFO] [OPTIMIZELY] - INFO  2026-04-10T14:07:38 OPTIMIZELY: Feature forget_password_mfa is not enabled for user e2e8560a-db41-4a43-bb41-f04a218ec09c. @ https://cdn.quantummetric.com/qscripts/quantum-wu.js:112
[  104475ms] [WARNING] [OPTIMIZELY] - WARN  2026-04-10T14:07:38 OPTIMIZELY: Event key default-rollout-360670-451731670190945 is not in datafile. @ https://cdn.quantummetric.com/qscripts/quantum-wu.js:112
[  104475ms] [WARNING] [OPTIMIZELY] - WARN  2026-04-10T14:07:38 OPTIMIZELY: Not tracking user e2e8560a-db41-4a43-bb41-f04a218ec09c. @ https://cdn.quantummetric.com/qscripts/quantum-wu.js:112
[  106059ms] [INFO] [OPTIMIZELY] - INFO  2026-04-10T14:07:40 DECISION_SERVICE: Audiences for rule Everyone Else collectively evaluated to TRUE. @ https://cdn.quantummetric.com/qscripts/quantum-wu.js:112
[  106060ms] [INFO] [OPTIMIZELY] - INFO  2026-04-10T14:07:40 OPTIMIZELY: Feature forget_password_mfa is not enabled for user e2e8560a-db41-4a43-bb41-f04a218ec09c. @ https://cdn.quantummetric.com/qscripts/quantum-wu.js:112
[  106060ms] [WARNING] [OPTIMIZELY] - WARN  2026-04-10T14:07:40 OPTIMIZELY: Event key default-rollout-360670-451731670190945 is not in datafile. @ https://cdn.quantummetric.com/qscripts/quantum-wu.js:112
[  106060ms] [WARNING] [OPTIMIZELY] - WARN  2026-04-10T14:07:40 OPTIMIZELY: Not tracking user e2e8560a-db41-4a43-bb41-f04a218ec09c. @ https://cdn.quantummetric.com/qscripts/quantum-wu.js:112
[  110813ms] [LOG] --------------R3 AEP Web SDK track link click fired----------- @ https://cdn.quantummetric.com/qscripts/quantum-wu.js:112
[  110837ms] [INFO] [OPTIMIZELY] - INFO  2026-04-10T14:07:45 DECISION_SERVICE: Audiences for rule Everyone Else collectively evaluated to TRUE. @ https://cdn.quantummetric.com/qscripts/quantum-wu.js:112
[  110838ms] [INFO] [OPTIMIZELY] - INFO  2026-04-10T14:07:45 OPTIMIZELY: Feature forget_password_mfa is not enabled for user e2e8560a-db41-4a43-bb41-f04a218ec09c. @ https://cdn.quantummetric.com/qscripts/quantum-wu.js:112
[  110838ms] [WARNING] [OPTIMIZELY] - WARN  2026-04-10T14:07:45 OPTIMIZELY: Event key default-rollout-360670-451731670190945 is not in datafile. @ https://cdn.quantummetric.com/qscripts/quantum-wu.js:112
[  110838ms] [WARNING] [OPTIMIZELY] - WARN  2026-04-10T14:07:45 OPTIMIZELY: Not tracking user e2e8560a-db41-4a43-bb41-f04a218ec09c. @ https://cdn.quantummetric.com/qscripts/quantum-wu.js:112
[  112824ms] [LOG] --------------R3 AEP Web SDK track link click fired----------- @ https://cdn.quantummetric.com/qscripts/quantum-wu.js:112
[  112839ms] [INFO] [OPTIMIZELY] - INFO  2026-04-10T14:07:47 DECISION_SERVICE: Audiences for rule Everyone Else collectively evaluated to TRUE. @ https://cdn.quantummetric.com/qscripts/quantum-wu.js:112
[  112840ms] [INFO] [OPTIMIZELY] - INFO  2026-04-10T14:07:47 OPTIMIZELY: Feature forget_password_mfa is not enabled for user e2e8560a-db41-4a43-bb41-f04a218ec09c. @ https://cdn.quantummetric.com/qscripts/quantum-wu.js:112
[  112840ms] [WARNING] [OPTIMIZELY] - WARN  2026-04-10T14:07:47 OPTIMIZELY: Event key default-rollout-360670-451731670190945 is not in datafile. @ https://cdn.quantummetric.com/qscripts/quantum-wu.js:112
[  112840ms] [WARNING] [OPTIMIZELY] - WARN  2026-04-10T14:07:47 OPTIMIZELY: Not tracking user e2e8560a-db41-4a43-bb41-f04a218ec09c. @ https://cdn.quantummetric.com/qscripts/quantum-wu.js:112
[  113762ms] [INFO] [OPTIMIZELY] - INFO  2026-04-10T14:07:47 DECISION_SERVICE: Audiences for rule Everyone Else collectively evaluated to TRUE. @ https://cdn.quantummetric.com/qscripts/quantum-wu.js:112
[  113762ms] [INFO] [OPTIMIZELY] - INFO  2026-04-10T14:07:47 OPTIMIZELY: Feature forget_password_mfa is not enabled for user e2e8560a-db41-4a43-bb41-f04a218ec09c. @ https://cdn.quantummetric.com/qscripts/quantum-wu.js:112
[  113762ms] [WARNING] [OPTIMIZELY] - WARN  2026-04-10T14:07:47 OPTIMIZELY: Event key default-rollout-360670-451731670190945 is not in datafile. @ https://cdn.quantummetric.com/qscripts/quantum-wu.js:112
[  113763ms] [WARNING] [OPTIMIZELY] - WARN  2026-04-10T14:07:47 OPTIMIZELY: Not tracking user e2e8560a-db41-4a43-bb41-f04a218ec09c. @ https://cdn.quantummetric.com/qscripts/quantum-wu.js:112
[  121779ms] [INFO] [OPTIMIZELY] - INFO  2026-04-10T14:07:55 DECISION_SERVICE: Audiences for rule Everyone Else collectively evaluated to TRUE. @ https://cdn.quantummetric.com/qscripts/quantum-wu.js:112
[  121779ms] [INFO] [OPTIMIZELY] - INFO  2026-04-10T14:07:55 OPTIMIZELY: Feature forget_password_mfa is not enabled for user e2e8560a-db41-4a43-bb41-f04a218ec09c. @ https://cdn.quantummetric.com/qscripts/quantum-wu.js:112
[  121779ms] [WARNING] [OPTIMIZELY] - WARN  2026-04-10T14:07:55 OPTIMIZELY: Event key default-rollout-360670-451731670190945 is not in datafile. @ https://cdn.quantummetric.com/qscripts/quantum-wu.js:112
[  121779ms] [WARNING] [OPTIMIZELY] - WARN  2026-04-10T14:07:55 OPTIMIZELY: Not tracking user e2e8560a-db41-4a43-bb41-f04a218ec09c. @ https://cdn.quantummetric.com/qscripts/quantum-wu.js:112
[  122587ms] [INFO] [OPTIMIZELY] - INFO  2026-04-10T14:07:56 DECISION_SERVICE: Audiences for rule Everyone Else collectively evaluated to TRUE. @ https://cdn.quantummetric.com/qscripts/quantum-wu.js:112
[  122587ms] [INFO] [OPTIMIZELY] - INFO  2026-04-10T14:07:56 OPTIMIZELY: Feature forget_password_mfa is not enabled for user e2e8560a-db41-4a43-bb41-f04a218ec09c. @ https://cdn.quantummetric.com/qscripts/quantum-wu.js:112
[  122587ms] [WARNING] [OPTIMIZELY] - WARN  2026-04-10T14:07:56 OPTIMIZELY: Event key default-rollout-360670-451731670190945 is not in datafile. @ https://cdn.quantummetric.com/qscripts/quantum-wu.js:112
[  122587ms] [WARNING] [OPTIMIZELY] - WARN  2026-04-10T14:07:56 OPTIMIZELY: Not tracking user e2e8560a-db41-4a43-bb41-f04a218ec09c. @ https://cdn.quantummetric.com/qscripts/quantum-wu.js:112
[  124973ms] [LOG] --------------R3 AEP Web SDK track link click fired----------- @ https://cdn.quantummetric.com/qscripts/quantum-wu.js:112
[  124995ms] [INFO] [OPTIMIZELY] - INFO  2026-04-10T14:07:59 DECISION_SERVICE: Audiences for rule Everyone Else collectively evaluated to TRUE. @ https://cdn.quantummetric.com/qscripts/quantum-wu.js:112
[  124995ms] [INFO] [OPTIMIZELY] - INFO  2026-04-10T14:07:59 OPTIMIZELY: Feature forget_password_mfa is not enabled for user e2e8560a-db41-4a43-bb41-f04a218ec09c. @ https://cdn.quantummetric.com/qscripts/quantum-wu.js:112
[  124995ms] [WARNING] [OPTIMIZELY] - WARN  2026-04-10T14:07:59 OPTIMIZELY: Event key default-rollout-360670-451731670190945 is not in datafile. @ https://cdn.quantummetric.com/qscripts/quantum-wu.js:112
[  124995ms] [WARNING] [OPTIMIZELY] - WARN  2026-04-10T14:07:59 OPTIMIZELY: Not tracking user e2e8560a-db41-4a43-bb41-f04a218ec09c. @ https://cdn.quantummetric.com/qscripts/quantum-wu.js:112
[  128285ms] [INFO] [OPTIMIZELY] - INFO  2026-04-10T14:08:02 DECISION_SERVICE: Audiences for rule Everyone Else collectively evaluated to TRUE. @ https://cdn.quantummetric.com/qscripts/quantum-wu.js:112
[  128285ms] [INFO] [OPTIMIZELY] - INFO  2026-04-10T14:08:02 OPTIMIZELY: Feature forget_password_mfa is not enabled for user e2e8560a-db41-4a43-bb41-f04a218ec09c. @ https://cdn.quantummetric.com/qscripts/quantum-wu.js:112
[  128286ms] [WARNING] [OPTIMIZELY] - WARN  2026-04-10T14:08:02 OPTIMIZELY: Event key default-rollout-360670-451731670190945 is not in datafile. @ https://cdn.quantummetric.com/qscripts/quantum-wu.js:112
[  128286ms] [WARNING] [OPTIMIZELY] - WARN  2026-04-10T14:08:02 OPTIMIZELY: Not tracking user e2e8560a-db41-4a43-bb41-f04a218ec09c. @ https://cdn.quantummetric.com/qscripts/quantum-wu.js:112
[  129046ms] [INFO] [OPTIMIZELY] - INFO  2026-04-10T14:08:03 DECISION_SERVICE: Audiences for rule Everyone Else collectively evaluated to TRUE. @ https://cdn.quantummetric.com/qscripts/quantum-wu.js:112
[  129046ms] [INFO] [OPTIMIZELY] - INFO  2026-04-10T14:08:03 OPTIMIZELY: Feature forget_password_mfa is not enabled for user e2e8560a-db41-4a43-bb41-f04a218ec09c. @ https://cdn.quantummetric.com/qscripts/quantum-wu.js:112
[  129047ms] [WARNING] [OPTIMIZELY] - WARN  2026-04-10T14:08:03 OPTIMIZELY: Event key default-rollout-360670-451731670190945 is not in datafile. @ https://cdn.quantummetric.com/qscripts/quantum-wu.js:112
[  129047ms] [WARNING] [OPTIMIZELY] - WARN  2026-04-10T14:08:03 OPTIMIZELY: Not tracking user e2e8560a-db41-4a43-bb41-f04a218ec09c. @ https://cdn.quantummetric.com/qscripts/quantum-wu.js:112
[  130923ms] [INFO] [OPTIMIZELY] - INFO  2026-04-10T14:08:05 DECISION_SERVICE: Audiences for rule Everyone Else collectively evaluated to TRUE. @ https://cdn.quantummetric.com/qscripts/quantum-wu.js:112
[  130923ms] [INFO] [OPTIMIZELY] - INFO  2026-04-10T14:08:05 OPTIMIZELY: Feature forget_password_mfa is not enabled for user e2e8560a-db41-4a43-bb41-f04a218ec09c. @ https://cdn.quantummetric.com/qscripts/quantum-wu.js:112
[  130923ms] [WARNING] [OPTIMIZELY] - WARN  2026-04-10T14:08:05 OPTIMIZELY: Event key default-rollout-360670-451731670190945 is not in datafile. @ https://cdn.quantummetric.com/qscripts/quantum-wu.js:112
[  130923ms] [WARNING] [OPTIMIZELY] - WARN  2026-04-10T14:08:05 OPTIMIZELY: Not tracking user e2e8560a-db41-4a43-bb41-f04a218ec09c. @ https://cdn.quantummetric.com/qscripts/quantum-wu.js:112
[  137287ms] [LOG] --------------R3 AEP Web SDK track link click fired----------- @ https://cdn.quantummetric.com/qscripts/quantum-wu.js:112
[  137308ms] [INFO] [OPTIMIZELY] - INFO  2026-04-10T14:08:11 DECISION_SERVICE: Audiences for rule Everyone Else collectively evaluated to TRUE. @ https://cdn.quantummetric.com/qscripts/quantum-wu.js:112
[  137308ms] [INFO] [OPTIMIZELY] - INFO  2026-04-10T14:08:11 OPTIMIZELY: Feature forget_password_mfa is not enabled for user e2e8560a-db41-4a43-bb41-f04a218ec09c. @ https://cdn.quantummetric.com/qscripts/quantum-wu.js:112
[  137308ms] [WARNING] [OPTIMIZELY] - WARN  2026-04-10T14:08:11 OPTIMIZELY: Event key default-rollout-360670-451731670190945 is not in datafile. @ https://cdn.quantummetric.com/qscripts/quantum-wu.js:112
[  137308ms] [WARNING] [OPTIMIZELY] - WARN  2026-04-10T14:08:11 OPTIMIZELY: Not tracking user e2e8560a-db41-4a43-bb41-f04a218ec09c. @ https://cdn.quantummetric.com/qscripts/quantum-wu.js:112
[  139515ms] [INFO] [OPTIMIZELY] - INFO  2026-04-10T14:08:13 DECISION_SERVICE: Audiences for rule Everyone Else collectively evaluated to TRUE. @ https://cdn.quantummetric.com/qscripts/quantum-wu.js:112
[  139515ms] [INFO] [OPTIMIZELY] - INFO  2026-04-10T14:08:13 OPTIMIZELY: Feature forget_password_mfa is not enabled for user e2e8560a-db41-4a43-bb41-f04a218ec09c. @ https://cdn.quantummetric.com/qscripts/quantum-wu.js:112
[  139515ms] [WARNING] [OPTIMIZELY] - WARN  2026-04-10T14:08:13 OPTIMIZELY: Event key default-rollout-360670-451731670190945 is not in datafile. @ https://cdn.quantummetric.com/qscripts/quantum-wu.js:112
[  139515ms] [WARNING] [OPTIMIZELY] - WARN  2026-04-10T14:08:13 OPTIMIZELY: Not tracking user e2e8560a-db41-4a43-bb41-f04a218ec09c. @ https://cdn.quantummetric.com/qscripts/quantum-wu.js:112
[  143974ms] [LOG] --------------R3 AEP Web SDK track link click fired----------- @ https://cdn.quantummetric.com/qscripts/quantum-wu.js:112
[  143995ms] [INFO] [OPTIMIZELY] - INFO  2026-04-10T14:08:18 DECISION_SERVICE: Audiences for rule Everyone Else collectively evaluated to TRUE. @ https://cdn.quantummetric.com/qscripts/quantum-wu.js:112
[  143995ms] [INFO] [OPTIMIZELY] - INFO  2026-04-10T14:08:18 OPTIMIZELY: Feature forget_password_mfa is not enabled for user e2e8560a-db41-4a43-bb41-f04a218ec09c. @ https://cdn.quantummetric.com/qscripts/quantum-wu.js:112
[  143996ms] [WARNING] [OPTIMIZELY] - WARN  2026-04-10T14:08:18 OPTIMIZELY: Event key default-rollout-360670-451731670190945 is not in datafile. @ https://cdn.quantummetric.com/qscripts/quantum-wu.js:112
[  143996ms] [WARNING] [OPTIMIZELY] - WARN  2026-04-10T14:08:18 OPTIMIZELY: Not tracking user e2e8560a-db41-4a43-bb41-f04a218ec09c. @ https://cdn.quantummetric.com/qscripts/quantum-wu.js:112
[  146773ms] [INFO] [OPTIMIZELY] - INFO  2026-04-10T14:08:20 DECISION_SERVICE: Audiences for rule Everyone Else collectively evaluated to TRUE. @ https://cdn.quantummetric.com/qscripts/quantum-wu.js:112
[  146773ms] [INFO] [OPTIMIZELY] - INFO  2026-04-10T14:08:20 OPTIMIZELY: Feature forget_password_mfa is not enabled for user e2e8560a-db41-4a43-bb41-f04a218ec09c. @ https://cdn.quantummetric.com/qscripts/quantum-wu.js:112
[  146773ms] [WARNING] [OPTIMIZELY] - WARN  2026-04-10T14:08:20 OPTIMIZELY: Event key default-rollout-360670-451731670190945 is not in datafile. @ https://cdn.quantummetric.com/qscripts/quantum-wu.js:112
[  146773ms] [WARNING] [OPTIMIZELY] - WARN  2026-04-10T14:08:20 OPTIMIZELY: Not tracking user e2e8560a-db41-4a43-bb41-f04a218ec09c. @ https://cdn.quantummetric.com/qscripts/quantum-wu.js:112
[  148129ms] [INFO] [OPTIMIZELY] - INFO  2026-04-10T14:08:22 DECISION_SERVICE: Audiences for rule Everyone Else collectively evaluated to TRUE. @ https://cdn.quantummetric.com/qscripts/quantum-wu.js:112
[  148129ms] [INFO] [OPTIMIZELY] - INFO  2026-04-10T14:08:22 OPTIMIZELY: Feature forget_password_mfa is not enabled for user e2e8560a-db41-4a43-bb41-f04a218ec09c. @ https://cdn.quantummetric.com/qscripts/quantum-wu.js:112
[  148129ms] [WARNING] [OPTIMIZELY] - WARN  2026-04-10T14:08:22 OPTIMIZELY: Event key default-rollout-360670-451731670190945 is not in datafile. @ https://cdn.quantummetric.com/qscripts/quantum-wu.js:112
[  148129ms] [WARNING] [OPTIMIZELY] - WARN  2026-04-10T14:08:22 OPTIMIZELY: Not tracking user e2e8560a-db41-4a43-bb41-f04a218ec09c. @ https://cdn.quantummetric.com/qscripts/quantum-wu.js:112
[  149153ms] [INFO] [OPTIMIZELY] - INFO  2026-04-10T14:08:23 DECISION_SERVICE: Audiences for rule Everyone Else collectively evaluated to TRUE. @ https://cdn.quantummetric.com/qscripts/quantum-wu.js:112
[  149153ms] [INFO] [OPTIMIZELY] - INFO  2026-04-10T14:08:23 OPTIMIZELY: Feature forget_password_mfa is not enabled for user e2e8560a-db41-4a43-bb41-f04a218ec09c. @ https://cdn.quantummetric.com/qscripts/quantum-wu.js:112
[  149153ms] [WARNING] [OPTIMIZELY] - WARN  2026-04-10T14:08:23 OPTIMIZELY: Event key default-rollout-360670-451731670190945 is not in datafile. @ https://cdn.quantummetric.com/qscripts/quantum-wu.js:112
[  149153ms] [WARNING] [OPTIMIZELY] - WARN  2026-04-10T14:08:23 OPTIMIZELY: Not tracking user e2e8560a-db41-4a43-bb41-f04a218ec09c. @ https://cdn.quantummetric.com/qscripts/quantum-wu.js:112
[  150800ms] [INFO] [OPTIMIZELY] - INFO  2026-04-10T14:08:24 DECISION_SERVICE: Audiences for rule Everyone Else collectively evaluated to TRUE. @ https://cdn.quantummetric.com/qscripts/quantum-wu.js:112
[  150800ms] [INFO] [OPTIMIZELY] - INFO  2026-04-10T14:08:24 OPTIMIZELY: Feature forget_password_mfa is not enabled for user e2e8560a-db41-4a43-bb41-f04a218ec09c. @ https://cdn.quantummetric.com/qscripts/quantum-wu.js:112
[  150801ms] [WARNING] [OPTIMIZELY] - WARN  2026-04-10T14:08:24 OPTIMIZELY: Event key default-rollout-360670-451731670190945 is not in datafile. @ https://cdn.quantummetric.com/qscripts/quantum-wu.js:112
[  150801ms] [WARNING] [OPTIMIZELY] - WARN  2026-04-10T14:08:24 OPTIMIZELY: Not tracking user e2e8560a-db41-4a43-bb41-f04a218ec09c. @ https://cdn.quantummetric.com/qscripts/quantum-wu.js:112
[  161381ms] [INFO] [OPTIMIZELY] - INFO  2026-04-10T14:08:35 DECISION_SERVICE: Audiences for rule Everyone Else collectively evaluated to TRUE. @ https://cdn.quantummetric.com/qscripts/quantum-wu.js:112
[  161381ms] [INFO] [OPTIMIZELY] - INFO  2026-04-10T14:08:35 OPTIMIZELY: Feature forget_password_mfa is not enabled for user e2e8560a-db41-4a43-bb41-f04a218ec09c. @ https://cdn.quantummetric.com/qscripts/quantum-wu.js:112
[  161381ms] [WARNING] [OPTIMIZELY] - WARN  2026-04-10T14:08:35 OPTIMIZELY: Event key default-rollout-360670-451731670190945 is not in datafile. @ https://cdn.quantummetric.com/qscripts/quantum-wu.js:112
[  161381ms] [WARNING] [OPTIMIZELY] - WARN  2026-04-10T14:08:35 OPTIMIZELY: Not tracking user e2e8560a-db41-4a43-bb41-f04a218ec09c. @ https://cdn.quantummetric.com/qscripts/quantum-wu.js:112
[  163002ms] [INFO] [OPTIMIZELY] - INFO  2026-04-10T14:08:37 DECISION_SERVICE: Audiences for rule Everyone Else collectively evaluated to TRUE. @ https://cdn.quantummetric.com/qscripts/quantum-wu.js:112
[  163002ms] [INFO] [OPTIMIZELY] - INFO  2026-04-10T14:08:37 OPTIMIZELY: Feature forget_password_mfa is not enabled for user e2e8560a-db41-4a43-bb41-f04a218ec09c. @ https://cdn.quantummetric.com/qscripts/quantum-wu.js:112
[  163003ms] [WARNING] [OPTIMIZELY] - WARN  2026-04-10T14:08:37 OPTIMIZELY: Event key default-rollout-360670-451731670190945 is not in datafile. @ https://cdn.quantummetric.com/qscripts/quantum-wu.js:112
[  163003ms] [WARNING] [OPTIMIZELY] - WARN  2026-04-10T14:08:37 OPTIMIZELY: Not tracking user e2e8560a-db41-4a43-bb41-f04a218ec09c. @ https://cdn.quantummetric.com/qscripts/quantum-wu.js:112
[  163451ms] [INFO] [OPTIMIZELY] - INFO  2026-04-10T14:08:37 DECISION_SERVICE: Audiences for rule Everyone Else collectively evaluated to TRUE. @ https://cdn.quantummetric.com/qscripts/quantum-wu.js:112
[  163452ms] [INFO] [OPTIMIZELY] - INFO  2026-04-10T14:08:37 OPTIMIZELY: Feature forget_password_mfa is not enabled for user e2e8560a-db41-4a43-bb41-f04a218ec09c. @ https://cdn.quantummetric.com/qscripts/quantum-wu.js:112
[  163452ms] [WARNING] [OPTIMIZELY] - WARN  2026-04-10T14:08:37 OPTIMIZELY: Event key default-rollout-360670-451731670190945 is not in datafile. @ https://cdn.quantummetric.com/qscripts/quantum-wu.js:112
[  163452ms] [WARNING] [OPTIMIZELY] - WARN  2026-04-10T14:08:37 OPTIMIZELY: Not tracking user e2e8560a-db41-4a43-bb41-f04a218ec09c. @ https://cdn.quantummetric.com/qscripts/quantum-wu.js:112
[  164070ms] [INFO] [OPTIMIZELY] - INFO  2026-04-10T14:08:38 DECISION_SERVICE: Audiences for rule Everyone Else collectively evaluated to TRUE. @ https://cdn.quantummetric.com/qscripts/quantum-wu.js:112
[  164070ms] [INFO] [OPTIMIZELY] - INFO  2026-04-10T14:08:38 OPTIMIZELY: Feature forget_password_mfa is not enabled for user e2e8560a-db41-4a43-bb41-f04a218ec09c. @ https://cdn.quantummetric.com/qscripts/quantum-wu.js:112
[  164070ms] [WARNING] [OPTIMIZELY] - WARN  2026-04-10T14:08:38 OPTIMIZELY: Event key default-rollout-360670-451731670190945 is not in datafile. @ https://cdn.quantummetric.com/qscripts/quantum-wu.js:112
[  164070ms] [WARNING] [OPTIMIZELY] - WARN  2026-04-10T14:08:38 OPTIMIZELY: Not tracking user e2e8560a-db41-4a43-bb41-f04a218ec09c. @ https://cdn.quantummetric.com/qscripts/quantum-wu.js:112
[  164375ms] [INFO] [OPTIMIZELY] - INFO  2026-04-10T14:08:38 DECISION_SERVICE: Audiences for rule Everyone Else collectively evaluated to TRUE. @ https://cdn.quantummetric.com/qscripts/quantum-wu.js:112
[  164375ms] [INFO] [OPTIMIZELY] - INFO  2026-04-10T14:08:38 OPTIMIZELY: Feature forget_password_mfa is not enabled for user e2e8560a-db41-4a43-bb41-f04a218ec09c. @ https://cdn.quantummetric.com/qscripts/quantum-wu.js:112
[  164375ms] [WARNING] [OPTIMIZELY] - WARN  2026-04-10T14:08:38 OPTIMIZELY: Event key default-rollout-360670-451731670190945 is not in datafile. @ https://cdn.quantummetric.com/qscripts/quantum-wu.js:112
[  164375ms] [WARNING] [OPTIMIZELY] - WARN  2026-04-10T14:08:38 OPTIMIZELY: Not tracking user e2e8560a-db41-4a43-bb41-f04a218ec09c. @ https://cdn.quantummetric.com/qscripts/quantum-wu.js:112
[  164818ms] [INFO] [OPTIMIZELY] - INFO  2026-04-10T14:08:38 DECISION_SERVICE: Audiences for rule Everyone Else collectively evaluated to TRUE. @ https://cdn.quantummetric.com/qscripts/quantum-wu.js:112
[  164819ms] [INFO] [OPTIMIZELY] - INFO  2026-04-10T14:08:38 OPTIMIZELY: Feature forget_password_mfa is not enabled for user e2e8560a-db41-4a43-bb41-f04a218ec09c. @ https://cdn.quantummetric.com/qscripts/quantum-wu.js:112
[  164819ms] [WARNING] [OPTIMIZELY] - WARN  2026-04-10T14:08:38 OPTIMIZELY: Event key default-rollout-360670-451731670190945 is not in datafile. @ https://cdn.quantummetric.com/qscripts/quantum-wu.js:112
[  164819ms] [WARNING] [OPTIMIZELY] - WARN  2026-04-10T14:08:38 OPTIMIZELY: Not tracking user e2e8560a-db41-4a43-bb41-f04a218ec09c. @ https://cdn.quantummetric.com/qscripts/quantum-wu.js:112
[  165309ms] [INFO] [OPTIMIZELY] - INFO  2026-04-10T14:08:39 DECISION_SERVICE: Audiences for rule Everyone Else collectively evaluated to TRUE. @ https://cdn.quantummetric.com/qscripts/quantum-wu.js:112
[  165310ms] [INFO] [OPTIMIZELY] - INFO  2026-04-10T14:08:39 OPTIMIZELY: Feature forget_password_mfa is not enabled for user e2e8560a-db41-4a43-bb41-f04a218ec09c. @ https://cdn.quantummetric.com/qscripts/quantum-wu.js:112
[  165310ms] [WARNING] [OPTIMIZELY] - WARN  2026-04-10T14:08:39 OPTIMIZELY: Event key default-rollout-360670-451731670190945 is not in datafile. @ https://cdn.quantummetric.com/qscripts/quantum-wu.js:112
[  165310ms] [WARNING] [OPTIMIZELY] - WARN  2026-04-10T14:08:39 OPTIMIZELY: Not tracking user e2e8560a-db41-4a43-bb41-f04a218ec09c. @ https://cdn.quantummetric.com/qscripts/quantum-wu.js:112
[  166669ms] [INFO] [OPTIMIZELY] - INFO  2026-04-10T14:08:40 DECISION_SERVICE: Audiences for rule Everyone Else collectively evaluated to TRUE. @ https://cdn.quantummetric.com/qscripts/quantum-wu.js:112
[  166669ms] [INFO] [OPTIMIZELY] - INFO  2026-04-10T14:08:40 OPTIMIZELY: Feature forget_password_mfa is not enabled for user e2e8560a-db41-4a43-bb41-f04a218ec09c. @ https://cdn.quantummetric.com/qscripts/quantum-wu.js:112
[  166669ms] [WARNING] [OPTIMIZELY] - WARN  2026-04-10T14:08:40 OPTIMIZELY: Event key default-rollout-360670-451731670190945 is not in datafile. @ https://cdn.quantummetric.com/qscripts/quantum-wu.js:112
[  166669ms] [WARNING] [OPTIMIZELY] - WARN  2026-04-10T14:08:40 OPTIMIZELY: Not tracking user e2e8560a-db41-4a43-bb41-f04a218ec09c. @ https://cdn.quantummetric.com/qscripts/quantum-wu.js:112
[  167573ms] [INFO] [OPTIMIZELY] - INFO  2026-04-10T14:08:41 DECISION_SERVICE: Audiences for rule Everyone Else collectively evaluated to TRUE. @ https://cdn.quantummetric.com/qscripts/quantum-wu.js:112
[  167573ms] [INFO] [OPTIMIZELY] - INFO  2026-04-10T14:08:41 OPTIMIZELY: Feature forget_password_mfa is not enabled for user e2e8560a-db41-4a43-bb41-f04a218ec09c. @ https://cdn.quantummetric.com/qscripts/quantum-wu.js:112
[  167573ms] [WARNING] [OPTIMIZELY] - WARN  2026-04-10T14:08:41 OPTIMIZELY: Event key default-rollout-360670-451731670190945 is not in datafile. @ https://cdn.quantummetric.com/qscripts/quantum-wu.js:112
[  167573ms] [WARNING] [OPTIMIZELY] - WARN  2026-04-10T14:08:41 OPTIMIZELY: Not tracking user e2e8560a-db41-4a43-bb41-f04a218ec09c. @ https://cdn.quantummetric.com/qscripts/quantum-wu.js:112
[  167892ms] [LOG] --------------R3 AEP Web SDK track link click fired----------- @ https://cdn.quantummetric.com/qscripts/quantum-wu.js:112
[  167914ms] [INFO] [OPTIMIZELY] - INFO  2026-04-10T14:08:42 DECISION_SERVICE: Audiences for rule Everyone Else collectively evaluated to TRUE. @ https://cdn.quantummetric.com/qscripts/quantum-wu.js:112
[  167914ms] [INFO] [OPTIMIZELY] - INFO  2026-04-10T14:08:42 OPTIMIZELY: Feature forget_password_mfa is not enabled for user e2e8560a-db41-4a43-bb41-f04a218ec09c. @ https://cdn.quantummetric.com/qscripts/quantum-wu.js:112
[  167914ms] [WARNING] [OPTIMIZELY] - WARN  2026-04-10T14:08:42 OPTIMIZELY: Event key default-rollout-360670-451731670190945 is not in datafile. @ https://cdn.quantummetric.com/qscripts/quantum-wu.js:112
[  167914ms] [WARNING] [OPTIMIZELY] - WARN  2026-04-10T14:08:42 OPTIMIZELY: Not tracking user e2e8560a-db41-4a43-bb41-f04a218ec09c. @ https://cdn.quantummetric.com/qscripts/quantum-wu.js:112
[  168358ms] [LOG] --------------R3 AEP Web SDK track link click fired----------- @ https://cdn.quantummetric.com/qscripts/quantum-wu.js:112
[  168378ms] [INFO] [OPTIMIZELY] - INFO  2026-04-10T14:08:42 DECISION_SERVICE: Audiences for rule Everyone Else collectively evaluated to TRUE. @ https://cdn.quantummetric.com/qscripts/quantum-wu.js:112
[  168379ms] [INFO] [OPTIMIZELY] - INFO  2026-04-10T14:08:42 OPTIMIZELY: Feature forget_password_mfa is not enabled for user e2e8560a-db41-4a43-bb41-f04a218ec09c. @ https://cdn.quantummetric.com/qscripts/quantum-wu.js:112
[  168379ms] [WARNING] [OPTIMIZELY] - WARN  2026-04-10T14:08:42 OPTIMIZELY: Event key default-rollout-360670-451731670190945 is not in datafile. @ https://cdn.quantummetric.com/qscripts/quantum-wu.js:112
[  168379ms] [WARNING] [OPTIMIZELY] - WARN  2026-04-10T14:08:42 OPTIMIZELY: Not tracking user e2e8560a-db41-4a43-bb41-f04a218ec09c. @ https://cdn.quantummetric.com/qscripts/quantum-wu.js:112
[  172214ms] [INFO] [OPTIMIZELY] - INFO  2026-04-10T14:08:46 DECISION_SERVICE: Audiences for rule Everyone Else collectively evaluated to TRUE. @ https://cdn.quantummetric.com/qscripts/quantum-wu.js:112
[  172215ms] [INFO] [OPTIMIZELY] - INFO  2026-04-10T14:08:46 OPTIMIZELY: Feature forget_password_mfa is not enabled for user e2e8560a-db41-4a43-bb41-f04a218ec09c. @ https://cdn.quantummetric.com/qscripts/quantum-wu.js:112
[  172215ms] [WARNING] [OPTIMIZELY] - WARN  2026-04-10T14:08:46 OPTIMIZELY: Event key default-rollout-360670-451731670190945 is not in datafile. @ https://cdn.quantummetric.com/qscripts/quantum-wu.js:112
[  172215ms] [WARNING] [OPTIMIZELY] - WARN  2026-04-10T14:08:46 OPTIMIZELY: Not tracking user e2e8560a-db41-4a43-bb41-f04a218ec09c. @ https://cdn.quantummetric.com/qscripts/quantum-wu.js:112
[  174511ms] [LOG] --------------R3 AEP Web SDK track link click fired----------- @ https://cdn.quantummetric.com/qscripts/quantum-wu.js:112
[  174533ms] [INFO] [OPTIMIZELY] - INFO  2026-04-10T14:08:48 DECISION_SERVICE: Audiences for rule Everyone Else collectively evaluated to TRUE. @ https://cdn.quantummetric.com/qscripts/quantum-wu.js:112
[  174533ms] [INFO] [OPTIMIZELY] - INFO  2026-04-10T14:08:48 OPTIMIZELY: Feature forget_password_mfa is not enabled for user e2e8560a-db41-4a43-bb41-f04a218ec09c. @ https://cdn.quantummetric.com/qscripts/quantum-wu.js:112
[  174533ms] [WARNING] [OPTIMIZELY] - WARN  2026-04-10T14:08:48 OPTIMIZELY: Event key default-rollout-360670-451731670190945 is not in datafile. @ https://cdn.quantummetric.com/qscripts/quantum-wu.js:112
[  174533ms] [WARNING] [OPTIMIZELY] - WARN  2026-04-10T14:08:48 OPTIMIZELY: Not tracking user e2e8560a-db41-4a43-bb41-f04a218ec09c. @ https://cdn.quantummetric.com/qscripts/quantum-wu.js:112
[  176324ms] [INFO] [OPTIMIZELY] - INFO  2026-04-10T14:08:50 DECISION_SERVICE: Audiences for rule Everyone Else collectively evaluated to TRUE. @ https://cdn.quantummetric.com/qscripts/quantum-wu.js:112
[  176325ms] [INFO] [OPTIMIZELY] - INFO  2026-04-10T14:08:50 OPTIMIZELY: Feature forget_password_mfa is not enabled for user e2e8560a-db41-4a43-bb41-f04a218ec09c. @ https://cdn.quantummetric.com/qscripts/quantum-wu.js:112
[  176325ms] [WARNING] [OPTIMIZELY] - WARN  2026-04-10T14:08:50 OPTIMIZELY: Event key default-rollout-360670-451731670190945 is not in datafile. @ https://cdn.quantummetric.com/qscripts/quantum-wu.js:112
[  176325ms] [WARNING] [OPTIMIZELY] - WARN  2026-04-10T14:08:50 OPTIMIZELY: Not tracking user e2e8560a-db41-4a43-bb41-f04a218ec09c. @ https://cdn.quantummetric.com/qscripts/quantum-wu.js:112
[  177600ms] [INFO] [OPTIMIZELY] - INFO  2026-04-10T14:08:51 DECISION_SERVICE: Audiences for rule Everyone Else collectively evaluated to TRUE. @ https://cdn.quantummetric.com/qscripts/quantum-wu.js:112
[  177601ms] [INFO] [OPTIMIZELY] - INFO  2026-04-10T14:08:51 OPTIMIZELY: Feature forget_password_mfa is not enabled for user e2e8560a-db41-4a43-bb41-f04a218ec09c. @ https://cdn.quantummetric.com/qscripts/quantum-wu.js:112
[  177601ms] [WARNING] [OPTIMIZELY] - WARN  2026-04-10T14:08:51 OPTIMIZELY: Event key default-rollout-360670-451731670190945 is not in datafile. @ https://cdn.quantummetric.com/qscripts/quantum-wu.js:112
[  177602ms] [WARNING] [OPTIMIZELY] - WARN  2026-04-10T14:08:51 OPTIMIZELY: Not tracking user e2e8560a-db41-4a43-bb41-f04a218ec09c. @ https://cdn.quantummetric.com/qscripts/quantum-wu.js:112
[  177717ms] [ERROR] {} @ https://cdn.quantummetric.com/qscripts/quantum-wu.js:112
[  179822ms] [LOG] [Amplitude] Error: invalid properties format. Expecting Javascript object, received string, ignoring @ https://cdn.quantummetric.com/qscripts/quantum-wu.js:112
[  179835ms] [INFO] [OPTIMIZELY] - INFO  2026-04-10T14:08:54 DECISION_SERVICE: Audiences for rule Everyone Else collectively evaluated to TRUE. @ https://cdn.quantummetric.com/qscripts/quantum-wu.js:112
[  179835ms] [INFO] [OPTIMIZELY] - INFO  2026-04-10T14:08:54 OPTIMIZELY: Feature forget_password_mfa is not enabled for user e2e8560a-db41-4a43-bb41-f04a218ec09c. @ https://cdn.quantummetric.com/qscripts/quantum-wu.js:112
[  179835ms] [WARNING] [OPTIMIZELY] - WARN  2026-04-10T14:08:54 OPTIMIZELY: Event key default-rollout-360670-451731670190945 is not in datafile. @ https://cdn.quantummetric.com/qscripts/quantum-wu.js:112
[  179835ms] [WARNING] [OPTIMIZELY] - WARN  2026-04-10T14:08:54 OPTIMIZELY: Not tracking user e2e8560a-db41-4a43-bb41-f04a218ec09c. @ https://cdn.quantummetric.com/qscripts/quantum-wu.js:112
[  181948ms] [ERROR] Failed to load resource: the server responded with a status of 404 () @ https://document-submission-web-page.trustdock.io/favicon.ico:0
[  205231ms] [WARNING] W0410 14:09:19.411000 2225904 gl_context.cc:1118] OpenGL error checking is disabled @ https://verification-browser-sdk.trustdock.io/v2/assets/index-CpvMMXqc.js:0
[  223747ms] [WARNING] Canvas2D: Multiple readback operations using getImageData are faster with the willReadFrequently attribute set to true. See: https://html.spec.whatwg.org/multipage/canvas.html#concept-canvas-will-read-frequently @ https://verification-browser-sdk.trustdock.io/v2/assets/index-CpvMMXqc.js:0
[  255764ms] [WARNING] Canvas2D: Multiple readback operations using getImageData are faster with the willReadFrequently attribute set to true. See: https://html.spec.whatwg.org/multipage/canvas.html#concept-canvas-will-read-frequently @ https://verification-browser-sdk.trustdock.io/v2/assets/index-CpvMMXqc.js:0
[  513150ms] [WARNING] Canvas2D: Multiple readback operations using getImageData are faster with the willReadFrequently attribute set to true. See: https://html.spec.whatwg.org/multipage/canvas.html#concept-canvas-will-read-frequently @ https://verification-browser-sdk.trustdock.io/v2/assets/index-CpvMMXqc.js:0
[  534580ms] [LOG] I'm here now......... @ https://www.westernunion.com/jp/ja/docupload-handler.html?result=documentSubmitted&isNonTranxEKYCFlow=true&country=jp&language=ja:5
[  534581ms] [LOG] Test console for isNonTranxEKYCFlow ==true @ https://www.westernunion.com/jp/ja/docupload-handler.html?result=documentSubmitted&isNonTranxEKYCFlow=true&country=jp&language=ja:81
[  534581ms] [LOG] Status:[]; reasonCode:[]; acsVerificationID:[]; country:[jp]; language :[ja]; Response Status:[null]; Channel:[] @ https://www.westernunion.com/jp/ja/docupload-handler.html?result=documentSubmitted&isNonTranxEKYCFlow=true&country=jp&language=ja:83
[  534582ms] [ERROR] TypeError: Cannot read properties of undefined (reading 'countries')
    at HTMLDocument.<anonymous> (https://www.westernunion.com/jp/ja/docupload-handler.html?result=documentSubmitted&isNonTranxEKYCFlow=true&country=jp&language=ja:115:70) @ https://www.westernunion.com/jp/ja/docupload-handler.html?result=documentSubmitted&isNonTranxEKYCFlow=true&country=jp&language=ja:130
[  534583ms] [LOG] https://www.westernunion.com/jp/ja/docupload-handler.html?result=documentSubmitted&isNonTranxEKYCFlow=true&country=jp&language=ja @ https://www.westernunion.com/jp/ja/docupload-handler.html?result=documentSubmitted&isNonTranxEKYCFlow=true&country=jp&language=ja:134
[  534583ms] [LOG] secureReasonCode :  @ https://www.westernunion.com/jp/ja/docupload-handler.html?result=documentSubmitted&isNonTranxEKYCFlow=true&country=jp&language=ja:145
[  534584ms] [LOG] Inside JP TD FLow 1 @ https://www.westernunion.com/jp/ja/docupload-handler.html?result=documentSubmitted&isNonTranxEKYCFlow=true&country=jp&language=ja:190
[  534584ms] [LOG] Inside JP TD FLow, Result==documentSubmitted @ https://www.westernunion.com/jp/ja/docupload-handler.html?result=documentSubmitted&isNonTranxEKYCFlow=true&country=jp&language=ja:191
[  534584ms] [LOG] Inside JP TD FLow, isNonTranxEKYCFlow==true @ https://www.westernunion.com/jp/ja/docupload-handler.html?result=documentSubmitted&isNonTranxEKYCFlow=true&country=jp&language=ja:192
[  534584ms] [LOG] Inside JP TD FLow, channel== @ https://www.westernunion.com/jp/ja/docupload-handler.html?result=documentSubmitted&isNonTranxEKYCFlow=true&country=jp&language=ja:193
[  534584ms] [LOG] Inside JP TD FLow, userJourney==sending_money @ https://www.westernunion.com/jp/ja/docupload-handler.html?result=documentSubmitted&isNonTranxEKYCFlow=true&country=jp&language=ja:194
[  534584ms] [LOG] JP TD nonTranxEKYCReasonCodes==documentSubmitted @ https://www.westernunion.com/jp/ja/docupload-handler.html?result=documentSubmitted&isNonTranxEKYCFlow=true&country=jp&language=ja:195
[  534977ms] [WARNING] <link rel=preload> must have a valid `as` value @ https://www.westernunion.com/jp/ja/web/account/verificationprocessing:13
[  534977ms] [WARNING] <link rel=preload> must have a valid `as` value @ https://www.westernunion.com/jp/ja/web/account/verificationprocessing:13
[  534988ms] [WARNING] <link rel=preload> must have a valid `as` value @ https://www.westernunion.com/jp/ja/web/account/verificationprocessing:74
[  535637ms] [ERROR] Attestation check for Attribution Reporting on https://www.facebook.com failed. @ https://www.westernunion.com/jp/ja/web/account/verificationprocessing:0
[  536662ms] [LOG] NG15 - otDomains read from Switches {domains: Object, partnersDomain: Object} @ https://www.westernunion.com/content/wucom/dist/ng9staticassets/R260351-f264f8dc93/assets/vendor/util.js:586
[  536722ms] [ERROR] Failed to load resource: the server responded with a status of 403 () @ https://www.westernunion.com/wubot/lex-web-ui-loader.m.js:0
[  536755ms] [LOG] [Amplitude] Success: loaded SDK @ https://www.westernunion.com/content/wucom/dist/ng9staticassets/R260351-f264f8dc93/assets/vendor/util.js:518
[  536903ms] [LOG] -------------R3 AEP Web SDK page load fired------------- @ https://cdn.quantummetric.com/qscripts/quantum-wu.js:112
[  537171ms] [LOG] Hello from One Trust Cookie Consent Loop[object Object] @ https://cdn.quantummetric.com/qscripts/quantum-wu.js:112
[  537184ms] [WARNING] QM: API Listener caught exception: SyntaxError: Unexpected token 'G', "GIF89a  "... is not valid JSON @ https://cdn.quantummetric.com/qscripts/quantum-wu.js:434
[  537207ms] [WARNING] [Meta Pixel] - Duplicate Pixel ID: 1131643220187654. @ https://cdn.quantummetric.com/qscripts/quantum-wu.js:112
[  537424ms] [ERROR] Attestation check for Attribution Reporting on https://www.facebook.com failed. @ https://www.westernunion.com/jp/ja/web/account/verificationprocessing:0
[  537971ms] [LOG] -------------R3 AEP Web SDK page load fired------------- @ https://cdn.quantummetric.com/qscripts/quantum-wu.js:112
[  538039ms] [INFO] Pinterest Tag Error: 'load' command was called multiple times.  Previously for tag id '%s', now for tag id '%s'. 2614009158756 2614009158756 @ https://cdn.quantummetric.com/qscripts/quantum-wu.js:112
[  538063ms] [LOG] Hello from One Trust Cookie Consent Loop[object Object] @ https://cdn.quantummetric.com/qscripts/quantum-wu.js:112
[  538088ms] [ERROR] Attestation check for Attribution Reporting on https://www.facebook.com failed. @ https://www.westernunion.com/jp/ja/web/send-money/onhold:0
[  538204ms] [ERROR] Attestation check for Attribution Reporting on https://www.facebook.com failed. @ https://www.westernunion.com/jp/ja/web/send-money/onhold:0
[  538232ms] [WARNING] [TikTok Pixel] - Duplicate Pixel ID
Issue: The pixel ID is duplicate. This could impact the pixel data accuracy.
Suggestion: Please double check and delete any unnecessary pixel code. @ https://cdn.quantummetric.com/qscripts/quantum-wu.js:112
[  542701ms] [WARNING] [OPTIMIZELY] - WARN  2026-04-10T14:14:56.881Z Invalid eventBatchSize undefined, defaulting to 10 @ https://cdn.quantummetric.com/qscripts/quantum-wu.js:112
[  542701ms] [WARNING] [OPTIMIZELY] - WARN  2026-04-10T14:14:56.881Z Invalid eventFlushInterval undefined, defaulting to 1000 @ https://cdn.quantummetric.com/qscripts/quantum-wu.js:112
[  542702ms] [INFO] [OPTIMIZELY] - INFO  2026-04-10T14:14:56.882Z PROJECT_CONFIG: Skipping JSON schema validation. @ https://cdn.quantummetric.com/qscripts/quantum-wu.js:112
[  542703ms] [INFO] [OPTIMIZELY] - INFO  2026-04-10T14:14:56.884Z OPTIMIZELY: Updated Optimizely config to revision 45 (project id 6051471968436224) @ https://cdn.quantummetric.com/qscripts/quantum-wu.js:112
