[     605ms] [WARNING] <link rel=preload> must have a valid `as` value @ https://www.westernunion.com/jp/ja/web/send-money/start:13
[     605ms] [WARNING] <link rel=preload> must have a valid `as` value @ https://www.westernunion.com/jp/ja/web/send-money/start:13
[     794ms] [WARNING] <link rel=preload> must have a valid `as` value @ https://www.westernunion.com/jp/ja/web/send-money/start:74
[    2305ms] [WARNING] [OPTIMIZELY] - WARN  2026-04-11T07:34:05.445Z Invalid eventBatchSize undefined, defaulting to 10 @ https://www.westernunion.com/content/wucom/dist/ng9staticassets/R260351-f264f8dc93/vendor.346574b18bfbf331.js:0
[    2305ms] [WARNING] [OPTIMIZELY] - WARN  2026-04-11T07:34:05.445Z Invalid eventFlushInterval undefined, defaulting to 1000 @ https://www.westernunion.com/content/wucom/dist/ng9staticassets/R260351-f264f8dc93/vendor.346574b18bfbf331.js:0
[    2306ms] [INFO] [OPTIMIZELY] - INFO  2026-04-11T07:34:05.446Z PROJECT_CONFIG: Skipping JSON schema validation. @ https://www.westernunion.com/content/wucom/dist/ng9staticassets/R260351-f264f8dc93/vendor.346574b18bfbf331.js:0
[    2307ms] [INFO] [OPTIMIZELY] - INFO  2026-04-11T07:34:05.448Z OPTIMIZELY: Updated Optimizely config to revision 45 (project id 6051471968436224) @ https://www.westernunion.com/content/wucom/dist/ng9staticassets/R260351-f264f8dc93/vendor.346574b18bfbf331.js:0
[    2879ms] [INFO] [OPTIMIZELY] - INFO  2026-04-11T07:34:06.019Z DECISION_SERVICE: Audiences for rule Everyone Else collectively evaluated to TRUE. @ https://www.westernunion.com/content/wucom/dist/ng9staticassets/R260351-f264f8dc93/vendor.346574b18bfbf331.js:0
[    2879ms] [INFO] [OPTIMIZELY] - INFO  2026-04-11T07:34:06.020Z OPTIMIZELY: Feature forget_password_mfa is not enabled for user b8e2e2e7-545c-4d67-b8df-e5ba67cf879f. @ https://www.westernunion.com/content/wucom/dist/ng9staticassets/R260351-f264f8dc93/vendor.346574b18bfbf331.js:0
[    2879ms] [WARNING] [OPTIMIZELY] - WARN  2026-04-11T07:34:06.020Z OPTIMIZELY: Event key default-rollout-360670-451731670190945 is not in datafile. @ https://www.westernunion.com/content/wucom/dist/ng9staticassets/R260351-f264f8dc93/vendor.346574b18bfbf331.js:0
[    2879ms] [WARNING] [OPTIMIZELY] - WARN  2026-04-11T07:34:06.020Z OPTIMIZELY: Not tracking user b8e2e2e7-545c-4d67-b8df-e5ba67cf879f. @ https://www.westernunion.com/content/wucom/dist/ng9staticassets/R260351-f264f8dc93/vendor.346574b18bfbf331.js:0
[    3014ms] [ERROR] Attestation check for Attribution Reporting on https://www.facebook.com failed. @ https://www.westernunion.com/jp/ja/web/send-money/start:0
[    3100ms] [INFO] [OPTIMIZELY] - INFO  2026-04-11T07:34:06.241Z DECISION_SERVICE: Audiences for rule Everyone Else collectively evaluated to TRUE. @ https://www.westernunion.com/content/wucom/dist/ng9staticassets/R260351-f264f8dc93/vendor.346574b18bfbf331.js:0
[    3100ms] [INFO] [OPTIMIZELY] - INFO  2026-04-11T07:34:06.241Z OPTIMIZELY: Feature forget_password_mfa is not enabled for user b8e2e2e7-545c-4d67-b8df-e5ba67cf879f. @ https://www.westernunion.com/content/wucom/dist/ng9staticassets/R260351-f264f8dc93/vendor.346574b18bfbf331.js:0
[    3101ms] [WARNING] [OPTIMIZELY] - WARN  2026-04-11T07:34:06.241Z OPTIMIZELY: Event key default-rollout-360670-451731670190945 is not in datafile. @ https://www.westernunion.com/content/wucom/dist/ng9staticassets/R260351-f264f8dc93/vendor.346574b18bfbf331.js:0
[    3101ms] [WARNING] [OPTIMIZELY] - WARN  2026-04-11T07:34:06.241Z OPTIMIZELY: Not tracking user b8e2e2e7-545c-4d67-b8df-e5ba67cf879f. @ https://www.westernunion.com/content/wucom/dist/ng9staticassets/R260351-f264f8dc93/vendor.346574b18bfbf331.js:0
[    3258ms] [INFO] [OPTIMIZELY] - INFO  2026-04-11T07:34:06.398Z DECISION_SERVICE: Audiences for rule Everyone Else collectively evaluated to TRUE. @ https://www.westernunion.com/content/wucom/dist/ng9staticassets/R260351-f264f8dc93/vendor.346574b18bfbf331.js:0
[    3258ms] [INFO] [OPTIMIZELY] - INFO  2026-04-11T07:34:06.399Z OPTIMIZELY: Feature forget_password_mfa is not enabled for user b8e2e2e7-545c-4d67-b8df-e5ba67cf879f. @ https://www.westernunion.com/content/wucom/dist/ng9staticassets/R260351-f264f8dc93/vendor.346574b18bfbf331.js:0
[    3259ms] [WARNING] [OPTIMIZELY] - WARN  2026-04-11T07:34:06.399Z OPTIMIZELY: Event key default-rollout-360670-451731670190945 is not in datafile. @ https://www.westernunion.com/content/wucom/dist/ng9staticassets/R260351-f264f8dc93/vendor.346574b18bfbf331.js:0
[    3259ms] [WARNING] [OPTIMIZELY] - WARN  2026-04-11T07:34:06.399Z OPTIMIZELY: Not tracking user b8e2e2e7-545c-4d67-b8df-e5ba67cf879f. @ https://www.westernunion.com/content/wucom/dist/ng9staticassets/R260351-f264f8dc93/vendor.346574b18bfbf331.js:0
[    3301ms] [ERROR] -- undefined Session didn't existed, CreatedSession called -- @ https://www.westernunion.com/content/wucom/dist/ng9staticassets/R260351-f264f8dc93/main.c72568e3234b953d.js:0
[    4106ms] [LOG] initializeVariation @ https://cdn.optimizely.com/js/27891380129.js:23855
[    4239ms] [LOG] NG15 - otDomains read from Switches {domains: Object, partnersDomain: Object} @ https://www.westernunion.com/content/wucom/dist/ng9staticassets/R260351-f264f8dc93/assets/vendor/util.js:586
[    4266ms] [INFO] [OPTIMIZELY] - INFO  2026-04-11T07:34:07.406Z DECISION_SERVICE: Audiences for rule Everyone Else collectively evaluated to TRUE. @ https://www.westernunion.com/content/wucom/dist/ng9staticassets/R260351-f264f8dc93/vendor.346574b18bfbf331.js:0
[    4266ms] [INFO] [OPTIMIZELY] - INFO  2026-04-11T07:34:07.407Z OPTIMIZELY: Feature forget_password_mfa is not enabled for user b8e2e2e7-545c-4d67-b8df-e5ba67cf879f. @ https://www.westernunion.com/content/wucom/dist/ng9staticassets/R260351-f264f8dc93/vendor.346574b18bfbf331.js:0
[    4266ms] [WARNING] [OPTIMIZELY] - WARN  2026-04-11T07:34:07.407Z OPTIMIZELY: Event key default-rollout-360670-451731670190945 is not in datafile. @ https://www.westernunion.com/content/wucom/dist/ng9staticassets/R260351-f264f8dc93/vendor.346574b18bfbf331.js:0
[    4267ms] [WARNING] [OPTIMIZELY] - WARN  2026-04-11T07:34:07.407Z OPTIMIZELY: Not tracking user b8e2e2e7-545c-4d67-b8df-e5ba67cf879f. @ https://www.westernunion.com/content/wucom/dist/ng9staticassets/R260351-f264f8dc93/vendor.346574b18bfbf331.js:0
[    4675ms] [ERROR] Failed to load resource: the server responded with a status of 403 () @ https://www.westernunion.com/wubot/lex-web-ui-loader.m.js:0
[    5033ms] [LOG] [Amplitude] Success: loaded SDK @ https://www.westernunion.com/content/wucom/dist/ng9staticassets/R260351-f264f8dc93/assets/vendor/util.js:518
[    6112ms] [INFO] [OPTIMIZELY] - INFO  2026-04-11T07:34:09.252Z DECISION_SERVICE: Audiences for rule Everyone Else collectively evaluated to TRUE. @ https://cdn.quantummetric.com/qscripts/quantum-wu.js:112
[    6113ms] [INFO] [OPTIMIZELY] - INFO  2026-04-11T07:34:09.253Z OPTIMIZELY: Feature forget_password_mfa is not enabled for user b8e2e2e7-545c-4d67-b8df-e5ba67cf879f. @ https://cdn.quantummetric.com/qscripts/quantum-wu.js:112
[    6113ms] [WARNING] [OPTIMIZELY] - WARN  2026-04-11T07:34:09.253Z OPTIMIZELY: Event key default-rollout-360670-451731670190945 is not in datafile. @ https://cdn.quantummetric.com/qscripts/quantum-wu.js:112
[    6113ms] [WARNING] [OPTIMIZELY] - WARN  2026-04-11T07:34:09.253Z OPTIMIZELY: Not tracking user b8e2e2e7-545c-4d67-b8df-e5ba67cf879f. @ https://cdn.quantummetric.com/qscripts/quantum-wu.js:112
[    6246ms] [INFO] [OPTIMIZELY] - INFO  2026-04-11T07:34:09.386Z DECISION_SERVICE: Audiences for rule Everyone Else collectively evaluated to TRUE. @ https://cdn.quantummetric.com/qscripts/quantum-wu.js:112
[    6246ms] [INFO] [OPTIMIZELY] - INFO  2026-04-11T07:34:09.386Z OPTIMIZELY: Feature forget_password_mfa is not enabled for user b8e2e2e7-545c-4d67-b8df-e5ba67cf879f. @ https://cdn.quantummetric.com/qscripts/quantum-wu.js:112
[    6246ms] [WARNING] [OPTIMIZELY] - WARN  2026-04-11T07:34:09.386Z OPTIMIZELY: Event key default-rollout-360670-451731670190945 is not in datafile. @ https://cdn.quantummetric.com/qscripts/quantum-wu.js:112
[    6246ms] [WARNING] [OPTIMIZELY] - WARN  2026-04-11T07:34:09.387Z OPTIMIZELY: Not tracking user b8e2e2e7-545c-4d67-b8df-e5ba67cf879f. @ https://cdn.quantummetric.com/qscripts/quantum-wu.js:112
[    6310ms] [INFO] [OPTIMIZELY] - INFO  2026-04-11T07:34:09.450Z DECISION_SERVICE: Audiences for rule Everyone Else collectively evaluated to TRUE. @ https://cdn.quantummetric.com/qscripts/quantum-wu.js:112
[    6310ms] [INFO] [OPTIMIZELY] - INFO  2026-04-11T07:34:09.451Z OPTIMIZELY: Feature forget_password_mfa is not enabled for user b8e2e2e7-545c-4d67-b8df-e5ba67cf879f. @ https://cdn.quantummetric.com/qscripts/quantum-wu.js:112
[    6311ms] [WARNING] [OPTIMIZELY] - WARN  2026-04-11T07:34:09.451Z OPTIMIZELY: Event key default-rollout-360670-451731670190945 is not in datafile. @ https://cdn.quantummetric.com/qscripts/quantum-wu.js:112
[    6311ms] [WARNING] [OPTIMIZELY] - WARN  2026-04-11T07:34:09.451Z OPTIMIZELY: Not tracking user b8e2e2e7-545c-4d67-b8df-e5ba67cf879f. @ https://cdn.quantummetric.com/qscripts/quantum-wu.js:112
[    6549ms] [LOG] %c2026-04-11T07:34:09.689Z LOG [main.c72568e3234b953d.js:1:2407227] color:gray ...pricing api post done... @ https://cdn.quantummetric.com/qscripts/quantum-wu.js:112
[    6704ms] [INFO] [OPTIMIZELY] - INFO  2026-04-11T07:34:09.845Z DECISION_SERVICE: Audiences for rule Everyone Else collectively evaluated to TRUE. @ https://cdn.quantummetric.com/qscripts/quantum-wu.js:112
[    6704ms] [INFO] [OPTIMIZELY] - INFO  2026-04-11T07:34:09.845Z OPTIMIZELY: Feature forget_password_mfa is not enabled for user b8e2e2e7-545c-4d67-b8df-e5ba67cf879f. @ https://cdn.quantummetric.com/qscripts/quantum-wu.js:112
[    6705ms] [WARNING] [OPTIMIZELY] - WARN  2026-04-11T07:34:09.845Z OPTIMIZELY: Event key default-rollout-360670-451731670190945 is not in datafile. @ https://cdn.quantummetric.com/qscripts/quantum-wu.js:112
[    6705ms] [WARNING] [OPTIMIZELY] - WARN  2026-04-11T07:34:09.845Z OPTIMIZELY: Not tracking user b8e2e2e7-545c-4d67-b8df-e5ba67cf879f. @ https://cdn.quantummetric.com/qscripts/quantum-wu.js:112
[    7068ms] [INFO] [OPTIMIZELY] - INFO  2026-04-11T07:34:10.209Z DECISION_SERVICE: Audiences for rule Everyone Else collectively evaluated to TRUE. @ https://cdn.quantummetric.com/qscripts/quantum-wu.js:112
[    7069ms] [INFO] [OPTIMIZELY] - INFO  2026-04-11T07:34:10.209Z OPTIMIZELY: Feature forget_password_mfa is not enabled for user b8e2e2e7-545c-4d67-b8df-e5ba67cf879f. @ https://cdn.quantummetric.com/qscripts/quantum-wu.js:112
[    7069ms] [WARNING] [OPTIMIZELY] - WARN  2026-04-11T07:34:10.209Z OPTIMIZELY: Event key default-rollout-360670-451731670190945 is not in datafile. @ https://cdn.quantummetric.com/qscripts/quantum-wu.js:112
[    7069ms] [WARNING] [OPTIMIZELY] - WARN  2026-04-11T07:34:10.209Z OPTIMIZELY: Not tracking user b8e2e2e7-545c-4d67-b8df-e5ba67cf879f. @ https://cdn.quantummetric.com/qscripts/quantum-wu.js:112
[    7125ms] [LOG] -------------R3 AEP Web SDK page load fired------------- @ https://cdn.quantummetric.com/qscripts/quantum-wu.js:112
[    7514ms] [LOG] Hello from One Trust Cookie Consent Loop[object Object] @ https://cdn.quantummetric.com/qscripts/quantum-wu.js:112
[    7573ms] [WARNING] [Meta Pixel] - Duplicate Pixel ID: 1131643220187654. @ https://cdn.quantummetric.com/qscripts/quantum-wu.js:112
[    7780ms] [ERROR] Attestation check for Attribution Reporting on https://www.facebook.com failed. @ https://www.westernunion.com/jp/ja/web/send-money/start:0
[    7969ms] [INFO] [OPTIMIZELY] - INFO  2026-04-11T07:34:11.109Z DECISION_SERVICE: Audiences for rule Everyone Else collectively evaluated to TRUE. @ https://cdn.quantummetric.com/qscripts/quantum-wu.js:112
[    7969ms] [INFO] [OPTIMIZELY] - INFO  2026-04-11T07:34:11.109Z OPTIMIZELY: Feature forget_password_mfa is not enabled for user b8e2e2e7-545c-4d67-b8df-e5ba67cf879f. @ https://cdn.quantummetric.com/qscripts/quantum-wu.js:112
[    7969ms] [WARNING] [OPTIMIZELY] - WARN  2026-04-11T07:34:11.109Z OPTIMIZELY: Event key default-rollout-360670-451731670190945 is not in datafile. @ https://cdn.quantummetric.com/qscripts/quantum-wu.js:112
[    7969ms] [WARNING] [OPTIMIZELY] - WARN  2026-04-11T07:34:11.109Z OPTIMIZELY: Not tracking user b8e2e2e7-545c-4d67-b8df-e5ba67cf879f. @ https://cdn.quantummetric.com/qscripts/quantum-wu.js:112
[    8322ms] [WARNING] QM: API Listener caught exception: SyntaxError: Unexpected token 'Q', "QM: Unable"... is not valid JSON @ https://cdn.quantummetric.com/qscripts/quantum-wu.js:434
[   12681ms] [INFO] [OPTIMIZELY] - INFO  2026-04-11T07:34:15.821Z DECISION_SERVICE: Audiences for rule Everyone Else collectively evaluated to TRUE. @ https://cdn.quantummetric.com/qscripts/quantum-wu.js:112
[   12681ms] [INFO] [OPTIMIZELY] - INFO  2026-04-11T07:34:15.821Z OPTIMIZELY: Feature forget_password_mfa is not enabled for user b8e2e2e7-545c-4d67-b8df-e5ba67cf879f. @ https://cdn.quantummetric.com/qscripts/quantum-wu.js:112
[   12681ms] [WARNING] [OPTIMIZELY] - WARN  2026-04-11T07:34:15.821Z OPTIMIZELY: Event key default-rollout-360670-451731670190945 is not in datafile. @ https://cdn.quantummetric.com/qscripts/quantum-wu.js:112
[   12681ms] [WARNING] [OPTIMIZELY] - WARN  2026-04-11T07:34:15.821Z OPTIMIZELY: Not tracking user b8e2e2e7-545c-4d67-b8df-e5ba67cf879f. @ https://cdn.quantummetric.com/qscripts/quantum-wu.js:112
[   16984ms] [LOG] direct call corridor info initiated @ https://cdn.quantummetric.com/qscripts/quantum-wu.js:112
[   17514ms] [INFO] [OPTIMIZELY] - INFO  2026-04-11T07:34:20.654Z DECISION_SERVICE: Audiences for rule Everyone Else collectively evaluated to TRUE. @ https://cdn.quantummetric.com/qscripts/quantum-wu.js:112
[   17514ms] [INFO] [OPTIMIZELY] - INFO  2026-04-11T07:34:20.655Z OPTIMIZELY: Feature forget_password_mfa is not enabled for user b8e2e2e7-545c-4d67-b8df-e5ba67cf879f. @ https://cdn.quantummetric.com/qscripts/quantum-wu.js:112
[   17515ms] [WARNING] [OPTIMIZELY] - WARN  2026-04-11T07:34:20.655Z OPTIMIZELY: Event key default-rollout-360670-451731670190945 is not in datafile. @ https://cdn.quantummetric.com/qscripts/quantum-wu.js:112
[   17515ms] [WARNING] [OPTIMIZELY] - WARN  2026-04-11T07:34:20.655Z OPTIMIZELY: Not tracking user b8e2e2e7-545c-4d67-b8df-e5ba67cf879f. @ https://cdn.quantummetric.com/qscripts/quantum-wu.js:112
[   17730ms] [LOG] %c2026-04-11T07:34:20.870Z LOG [main.c72568e3234b953d.js:1:2407227] color:gray ...pricing api post done... @ https://cdn.quantummetric.com/qscripts/quantum-wu.js:112
[   18368ms] [INFO] [OPTIMIZELY] - INFO  2026-04-11T07:34:21.508Z DECISION_SERVICE: Audiences for rule Everyone Else collectively evaluated to TRUE. @ https://cdn.quantummetric.com/qscripts/quantum-wu.js:112
[   18368ms] [INFO] [OPTIMIZELY] - INFO  2026-04-11T07:34:21.508Z OPTIMIZELY: Feature forget_password_mfa is not enabled for user b8e2e2e7-545c-4d67-b8df-e5ba67cf879f. @ https://cdn.quantummetric.com/qscripts/quantum-wu.js:112
[   18368ms] [WARNING] [OPTIMIZELY] - WARN  2026-04-11T07:34:21.509Z OPTIMIZELY: Event key default-rollout-360670-451731670190945 is not in datafile. @ https://cdn.quantummetric.com/qscripts/quantum-wu.js:112
[   18368ms] [WARNING] [OPTIMIZELY] - WARN  2026-04-11T07:34:21.509Z OPTIMIZELY: Not tracking user b8e2e2e7-545c-4d67-b8df-e5ba67cf879f. @ https://cdn.quantummetric.com/qscripts/quantum-wu.js:112
[   34535ms] [LOG] direct call corridor info initiated @ https://cdn.quantummetric.com/qscripts/quantum-wu.js:112
[   34981ms] [INFO] [OPTIMIZELY] - INFO  2026-04-11T07:34:38.122Z DECISION_SERVICE: Audiences for rule Everyone Else collectively evaluated to TRUE. @ https://cdn.quantummetric.com/qscripts/quantum-wu.js:112
[   34981ms] [INFO] [OPTIMIZELY] - INFO  2026-04-11T07:34:38.122Z OPTIMIZELY: Feature forget_password_mfa is not enabled for user b8e2e2e7-545c-4d67-b8df-e5ba67cf879f. @ https://cdn.quantummetric.com/qscripts/quantum-wu.js:112
[   34982ms] [WARNING] [OPTIMIZELY] - WARN  2026-04-11T07:34:38.122Z OPTIMIZELY: Event key default-rollout-360670-451731670190945 is not in datafile. @ https://cdn.quantummetric.com/qscripts/quantum-wu.js:112
[   34982ms] [WARNING] [OPTIMIZELY] - WARN  2026-04-11T07:34:38.122Z OPTIMIZELY: Not tracking user b8e2e2e7-545c-4d67-b8df-e5ba67cf879f. @ https://cdn.quantummetric.com/qscripts/quantum-wu.js:112
[   35205ms] [LOG] %c2026-04-11T07:34:38.345Z LOG [main.c72568e3234b953d.js:1:2407227] color:gray ...pricing api post done... @ https://cdn.quantummetric.com/qscripts/quantum-wu.js:112
[   35406ms] [INFO] [OPTIMIZELY] - INFO  2026-04-11T07:34:38.547Z DECISION_SERVICE: Audiences for rule Everyone Else collectively evaluated to TRUE. @ https://cdn.quantummetric.com/qscripts/quantum-wu.js:112
[   35406ms] [INFO] [OPTIMIZELY] - INFO  2026-04-11T07:34:38.547Z OPTIMIZELY: Feature forget_password_mfa is not enabled for user b8e2e2e7-545c-4d67-b8df-e5ba67cf879f. @ https://cdn.quantummetric.com/qscripts/quantum-wu.js:112
[   35407ms] [WARNING] [OPTIMIZELY] - WARN  2026-04-11T07:34:38.547Z OPTIMIZELY: Event key default-rollout-360670-451731670190945 is not in datafile. @ https://cdn.quantummetric.com/qscripts/quantum-wu.js:112
[   35407ms] [WARNING] [OPTIMIZELY] - WARN  2026-04-11T07:34:38.547Z OPTIMIZELY: Not tracking user b8e2e2e7-545c-4d67-b8df-e5ba67cf879f. @ https://cdn.quantummetric.com/qscripts/quantum-wu.js:112
[   48466ms] [LOG] direct call corridor info initiated @ https://cdn.quantummetric.com/qscripts/quantum-wu.js:112
[   48491ms] [INFO] [OPTIMIZELY] - INFO  2026-04-11T07:34:51.631Z DECISION_SERVICE: Audiences for rule Everyone Else collectively evaluated to TRUE. @ https://cdn.quantummetric.com/qscripts/quantum-wu.js:112
[   48491ms] [INFO] [OPTIMIZELY] - INFO  2026-04-11T07:34:51.632Z OPTIMIZELY: Feature forget_password_mfa is not enabled for user b8e2e2e7-545c-4d67-b8df-e5ba67cf879f. @ https://cdn.quantummetric.com/qscripts/quantum-wu.js:112
[   48491ms] [WARNING] [OPTIMIZELY] - WARN  2026-04-11T07:34:51.632Z OPTIMIZELY: Event key default-rollout-360670-451731670190945 is not in datafile. @ https://cdn.quantummetric.com/qscripts/quantum-wu.js:112
[   48491ms] [WARNING] [OPTIMIZELY] - WARN  2026-04-11T07:34:51.632Z OPTIMIZELY: Not tracking user b8e2e2e7-545c-4d67-b8df-e5ba67cf879f. @ https://cdn.quantummetric.com/qscripts/quantum-wu.js:112
[   48915ms] [INFO] [OPTIMIZELY] - INFO  2026-04-11T07:34:52.056Z DECISION_SERVICE: Audiences for rule Everyone Else collectively evaluated to TRUE. @ https://cdn.quantummetric.com/qscripts/quantum-wu.js:112
[   48916ms] [INFO] [OPTIMIZELY] - INFO  2026-04-11T07:34:52.056Z OPTIMIZELY: Feature forget_password_mfa is not enabled for user b8e2e2e7-545c-4d67-b8df-e5ba67cf879f. @ https://cdn.quantummetric.com/qscripts/quantum-wu.js:112
[   48916ms] [WARNING] [OPTIMIZELY] - WARN  2026-04-11T07:34:52.056Z OPTIMIZELY: Event key default-rollout-360670-451731670190945 is not in datafile. @ https://cdn.quantummetric.com/qscripts/quantum-wu.js:112
[   48916ms] [WARNING] [OPTIMIZELY] - WARN  2026-04-11T07:34:52.056Z OPTIMIZELY: Not tracking user b8e2e2e7-545c-4d67-b8df-e5ba67cf879f. @ https://cdn.quantummetric.com/qscripts/quantum-wu.js:112
[   49150ms] [LOG] %c2026-04-11T07:34:52.291Z LOG [main.c72568e3234b953d.js:1:2407227] color:gray ...pricing api post done... @ https://cdn.quantummetric.com/qscripts/quantum-wu.js:112
[   49687ms] [INFO] [OPTIMIZELY] - INFO  2026-04-11T07:34:52.827Z DECISION_SERVICE: Audiences for rule Everyone Else collectively evaluated to TRUE. @ https://cdn.quantummetric.com/qscripts/quantum-wu.js:112
[   49687ms] [INFO] [OPTIMIZELY] - INFO  2026-04-11T07:34:52.827Z OPTIMIZELY: Feature forget_password_mfa is not enabled for user b8e2e2e7-545c-4d67-b8df-e5ba67cf879f. @ https://cdn.quantummetric.com/qscripts/quantum-wu.js:112
[   49687ms] [WARNING] [OPTIMIZELY] - WARN  2026-04-11T07:34:52.828Z OPTIMIZELY: Event key default-rollout-360670-451731670190945 is not in datafile. @ https://cdn.quantummetric.com/qscripts/quantum-wu.js:112
[   49687ms] [WARNING] [OPTIMIZELY] - WARN  2026-04-11T07:34:52.828Z OPTIMIZELY: Not tracking user b8e2e2e7-545c-4d67-b8df-e5ba67cf879f. @ https://cdn.quantummetric.com/qscripts/quantum-wu.js:112
[   50046ms] [INFO] [OPTIMIZELY] - INFO  2026-04-11T07:34:53.186Z DECISION_SERVICE: Audiences for rule Everyone Else collectively evaluated to TRUE. @ https://cdn.quantummetric.com/qscripts/quantum-wu.js:112
[   50046ms] [INFO] [OPTIMIZELY] - INFO  2026-04-11T07:34:53.187Z OPTIMIZELY: Feature forget_password_mfa is not enabled for user b8e2e2e7-545c-4d67-b8df-e5ba67cf879f. @ https://cdn.quantummetric.com/qscripts/quantum-wu.js:112
[   50046ms] [WARNING] [OPTIMIZELY] - WARN  2026-04-11T07:34:53.187Z OPTIMIZELY: Event key default-rollout-360670-451731670190945 is not in datafile. @ https://cdn.quantummetric.com/qscripts/quantum-wu.js:112
[   50046ms] [WARNING] [OPTIMIZELY] - WARN  2026-04-11T07:34:53.187Z OPTIMIZELY: Not tracking user b8e2e2e7-545c-4d67-b8df-e5ba67cf879f. @ https://cdn.quantummetric.com/qscripts/quantum-wu.js:112
[   57790ms] [LOG] direct call corridor info initiated @ https://cdn.quantummetric.com/qscripts/quantum-wu.js:112
[   58257ms] [INFO] [OPTIMIZELY] - INFO  2026-04-11T07:35:01.397Z DECISION_SERVICE: Audiences for rule Everyone Else collectively evaluated to TRUE. @ https://cdn.quantummetric.com/qscripts/quantum-wu.js:112
[   58258ms] [INFO] [OPTIMIZELY] - INFO  2026-04-11T07:35:01.398Z OPTIMIZELY: Feature forget_password_mfa is not enabled for user b8e2e2e7-545c-4d67-b8df-e5ba67cf879f. @ https://cdn.quantummetric.com/qscripts/quantum-wu.js:112
[   58258ms] [WARNING] [OPTIMIZELY] - WARN  2026-04-11T07:35:01.398Z OPTIMIZELY: Event key default-rollout-360670-451731670190945 is not in datafile. @ https://cdn.quantummetric.com/qscripts/quantum-wu.js:112
[   58258ms] [WARNING] [OPTIMIZELY] - WARN  2026-04-11T07:35:01.398Z OPTIMIZELY: Not tracking user b8e2e2e7-545c-4d67-b8df-e5ba67cf879f. @ https://cdn.quantummetric.com/qscripts/quantum-wu.js:112
[   58485ms] [LOG] %c2026-04-11T07:35:01.626Z LOG [main.c72568e3234b953d.js:1:2407227] color:gray ...pricing api post done... @ https://cdn.quantummetric.com/qscripts/quantum-wu.js:112
[   59449ms] [INFO] [OPTIMIZELY] - INFO  2026-04-11T07:35:02.590Z DECISION_SERVICE: Audiences for rule Everyone Else collectively evaluated to TRUE. @ https://cdn.quantummetric.com/qscripts/quantum-wu.js:112
[   59450ms] [INFO] [OPTIMIZELY] - INFO  2026-04-11T07:35:02.590Z OPTIMIZELY: Feature forget_password_mfa is not enabled for user b8e2e2e7-545c-4d67-b8df-e5ba67cf879f. @ https://cdn.quantummetric.com/qscripts/quantum-wu.js:112
[   59450ms] [WARNING] [OPTIMIZELY] - WARN  2026-04-11T07:35:02.590Z OPTIMIZELY: Event key default-rollout-360670-451731670190945 is not in datafile. @ https://cdn.quantummetric.com/qscripts/quantum-wu.js:112
[   59450ms] [WARNING] [OPTIMIZELY] - WARN  2026-04-11T07:35:02.590Z OPTIMIZELY: Not tracking user b8e2e2e7-545c-4d67-b8df-e5ba67cf879f. @ https://cdn.quantummetric.com/qscripts/quantum-wu.js:112
[   73382ms] [LOG] direct call corridor info initiated @ https://cdn.quantummetric.com/qscripts/quantum-wu.js:112
[   73848ms] [INFO] [OPTIMIZELY] - INFO  2026-04-11T07:35:16.988Z DECISION_SERVICE: Audiences for rule Everyone Else collectively evaluated to TRUE. @ https://cdn.quantummetric.com/qscripts/quantum-wu.js:112
[   73848ms] [INFO] [OPTIMIZELY] - INFO  2026-04-11T07:35:16.988Z OPTIMIZELY: Feature forget_password_mfa is not enabled for user b8e2e2e7-545c-4d67-b8df-e5ba67cf879f. @ https://cdn.quantummetric.com/qscripts/quantum-wu.js:112
[   73848ms] [WARNING] [OPTIMIZELY] - WARN  2026-04-11T07:35:16.989Z OPTIMIZELY: Event key default-rollout-360670-451731670190945 is not in datafile. @ https://cdn.quantummetric.com/qscripts/quantum-wu.js:112
[   73848ms] [WARNING] [OPTIMIZELY] - WARN  2026-04-11T07:35:16.989Z OPTIMIZELY: Not tracking user b8e2e2e7-545c-4d67-b8df-e5ba67cf879f. @ https://cdn.quantummetric.com/qscripts/quantum-wu.js:112
[   74065ms] [LOG] %c2026-04-11T07:35:17.205Z LOG [main.c72568e3234b953d.js:1:2407227] color:gray ...pricing api post done... @ https://cdn.quantummetric.com/qscripts/quantum-wu.js:112
[   78704ms] [INFO] [OPTIMIZELY] - INFO  2026-04-11T07:35:21.844Z DECISION_SERVICE: Audiences for rule Everyone Else collectively evaluated to TRUE. @ https://cdn.quantummetric.com/qscripts/quantum-wu.js:112
[   78705ms] [INFO] [OPTIMIZELY] - INFO  2026-04-11T07:35:21.846Z OPTIMIZELY: Feature forget_password_mfa is not enabled for user b8e2e2e7-545c-4d67-b8df-e5ba67cf879f. @ https://cdn.quantummetric.com/qscripts/quantum-wu.js:112
[   78706ms] [WARNING] [OPTIMIZELY] - WARN  2026-04-11T07:35:21.846Z OPTIMIZELY: Event key default-rollout-360670-451731670190945 is not in datafile. @ https://cdn.quantummetric.com/qscripts/quantum-wu.js:112
[   78706ms] [WARNING] [OPTIMIZELY] - WARN  2026-04-11T07:35:21.847Z OPTIMIZELY: Not tracking user b8e2e2e7-545c-4d67-b8df-e5ba67cf879f. @ https://cdn.quantummetric.com/qscripts/quantum-wu.js:112
[   78787ms] [LOG] --------------R3 AEP Web SDK track link click fired----------- @ https://cdn.quantummetric.com/qscripts/quantum-wu.js:112
[   78969ms] [INFO] [OPTIMIZELY] - INFO  2026-04-11T07:35:22.110Z DECISION_SERVICE: Audiences for rule Everyone Else collectively evaluated to TRUE. @ https://cdn.quantummetric.com/qscripts/quantum-wu.js:112
[   78970ms] [INFO] [OPTIMIZELY] - INFO  2026-04-11T07:35:22.110Z OPTIMIZELY: Feature forget_password_mfa is not enabled for user b8e2e2e7-545c-4d67-b8df-e5ba67cf879f. @ https://cdn.quantummetric.com/qscripts/quantum-wu.js:112
[   78970ms] [WARNING] [OPTIMIZELY] - WARN  2026-04-11T07:35:22.110Z OPTIMIZELY: Event key default-rollout-360670-451731670190945 is not in datafile. @ https://cdn.quantummetric.com/qscripts/quantum-wu.js:112
[   78970ms] [WARNING] [OPTIMIZELY] - WARN  2026-04-11T07:35:22.110Z OPTIMIZELY: Not tracking user b8e2e2e7-545c-4d67-b8df-e5ba67cf879f. @ https://cdn.quantummetric.com/qscripts/quantum-wu.js:112
[   79554ms] [INFO] [OPTIMIZELY] - INFO  2026-04-11T07:35:22.695Z DECISION_SERVICE: Audiences for rule Everyone Else collectively evaluated to TRUE. @ https://cdn.quantummetric.com/qscripts/quantum-wu.js:112
[   79554ms] [INFO] [OPTIMIZELY] - INFO  2026-04-11T07:35:22.695Z OPTIMIZELY: Feature forget_password_mfa is not enabled for user b8e2e2e7-545c-4d67-b8df-e5ba67cf879f. @ https://cdn.quantummetric.com/qscripts/quantum-wu.js:112
[   79554ms] [WARNING] [OPTIMIZELY] - WARN  2026-04-11T07:35:22.695Z OPTIMIZELY: Event key default-rollout-360670-451731670190945 is not in datafile. @ https://cdn.quantummetric.com/qscripts/quantum-wu.js:112
[   79555ms] [WARNING] [OPTIMIZELY] - WARN  2026-04-11T07:35:22.695Z OPTIMIZELY: Not tracking user b8e2e2e7-545c-4d67-b8df-e5ba67cf879f. @ https://cdn.quantummetric.com/qscripts/quantum-wu.js:112
[   79565ms] [VERBOSE] [DOM] Input elements should have autocomplete attributes (suggested: "current-password"): (More info: https://goo.gl/9p2vKq) %o @ https://www.westernunion.com/jp/ja/web/user/login:0
[   79932ms] [ERROR] Attestation check for Attribution Reporting on https://www.facebook.com failed. @ https://www.westernunion.com/jp/ja/web/user/login:0
[   80237ms] [LOG] -------------R3 AEP Web SDK page load fired------------- @ https://cdn.quantummetric.com/qscripts/quantum-wu.js:112
[   80307ms] [INFO] Pinterest Tag Error: 'load' command was called multiple times.  Previously for tag id '%s', now for tag id '%s'. 2614009158756 2614009158756 @ https://cdn.quantummetric.com/qscripts/quantum-wu.js:112
[   80332ms] [LOG] Hello from One Trust Cookie Consent Loop[object Object] @ https://cdn.quantummetric.com/qscripts/quantum-wu.js:112
[   80488ms] [ERROR] Attestation check for Attribution Reporting on https://www.facebook.com failed. @ https://www.westernunion.com/jp/ja/web/user/login:0
[   80496ms] [ERROR] Attestation check for Attribution Reporting on https://www.facebook.com failed. @ https://www.westernunion.com/jp/ja/web/user/login:0
[   80553ms] [INFO] [OPTIMIZELY] - INFO  2026-04-11T07:35:23.693Z DECISION_SERVICE: Audiences for rule Everyone Else collectively evaluated to TRUE. @ https://cdn.quantummetric.com/qscripts/quantum-wu.js:112
[   80553ms] [INFO] [OPTIMIZELY] - INFO  2026-04-11T07:35:23.693Z OPTIMIZELY: Feature forget_password_mfa is not enabled for user b8e2e2e7-545c-4d67-b8df-e5ba67cf879f. @ https://cdn.quantummetric.com/qscripts/quantum-wu.js:112
[   80553ms] [WARNING] [OPTIMIZELY] - WARN  2026-04-11T07:35:23.693Z OPTIMIZELY: Event key default-rollout-360670-451731670190945 is not in datafile. @ https://cdn.quantummetric.com/qscripts/quantum-wu.js:112
[   80553ms] [WARNING] [OPTIMIZELY] - WARN  2026-04-11T07:35:23.694Z OPTIMIZELY: Not tracking user b8e2e2e7-545c-4d67-b8df-e5ba67cf879f. @ https://cdn.quantummetric.com/qscripts/quantum-wu.js:112
[   80581ms] [LOG] %c2026-04-11T07:35:23.721Z LOG [main.c72568e3234b953d.js:1:349366] color:gray hadoopAnalyticService Response- {status: OK} @ https://cdn.quantummetric.com/qscripts/quantum-wu.js:112
[   80582ms] [LOG] %c2026-04-11T07:35:23.722Z LOG [main.c72568e3234b953d.js:1:224606] color:gray Hadoop Analytic api post done... @ https://cdn.quantummetric.com/qscripts/quantum-wu.js:112
[   80595ms] [WARNING] [TikTok Pixel] - Duplicate Pixel ID
Issue: The pixel ID is duplicate. This could impact the pixel data accuracy.
Suggestion: Please double check and delete any unnecessary pixel code. @ https://cdn.quantummetric.com/qscripts/quantum-wu.js:112
[   81034ms] [INFO] [OPTIMIZELY] - INFO  2026-04-11T07:35:24.172Z DECISION_SERVICE: Audiences for rule Everyone Else collectively evaluated to TRUE. @ https://cdn.quantummetric.com/qscripts/quantum-wu.js:112
[   81034ms] [INFO] [OPTIMIZELY] - INFO  2026-04-11T07:35:24.174Z OPTIMIZELY: Feature forget_password_mfa is not enabled for user b8e2e2e7-545c-4d67-b8df-e5ba67cf879f. @ https://cdn.quantummetric.com/qscripts/quantum-wu.js:112
[   81034ms] [WARNING] [OPTIMIZELY] - WARN  2026-04-11T07:35:24.174Z OPTIMIZELY: Event key default-rollout-360670-451731670190945 is not in datafile. @ https://cdn.quantummetric.com/qscripts/quantum-wu.js:112
[   81034ms] [WARNING] [OPTIMIZELY] - WARN  2026-04-11T07:35:24.174Z OPTIMIZELY: Not tracking user b8e2e2e7-545c-4d67-b8df-e5ba67cf879f. @ https://cdn.quantummetric.com/qscripts/quantum-wu.js:112
[   81045ms] [INFO] [OPTIMIZELY] - INFO  2026-04-11T07:35:24.186Z DECISION_SERVICE: Audiences for rule Everyone Else collectively evaluated to TRUE. @ https://cdn.quantummetric.com/qscripts/quantum-wu.js:112
[   81046ms] [INFO] [OPTIMIZELY] - INFO  2026-04-11T07:35:24.186Z OPTIMIZELY: Feature forget_password_mfa is not enabled for user b8e2e2e7-545c-4d67-b8df-e5ba67cf879f. @ https://cdn.quantummetric.com/qscripts/quantum-wu.js:112
[   81046ms] [WARNING] [OPTIMIZELY] - WARN  2026-04-11T07:35:24.186Z OPTIMIZELY: Event key default-rollout-360670-451731670190945 is not in datafile. @ https://cdn.quantummetric.com/qscripts/quantum-wu.js:112
[   81046ms] [WARNING] [OPTIMIZELY] - WARN  2026-04-11T07:35:24.186Z OPTIMIZELY: Not tracking user b8e2e2e7-545c-4d67-b8df-e5ba67cf879f. @ https://cdn.quantummetric.com/qscripts/quantum-wu.js:112
[   81955ms] [INFO] [OPTIMIZELY] - INFO  2026-04-11T07:35:25.095Z DECISION_SERVICE: Audiences for rule Everyone Else collectively evaluated to TRUE. @ https://cdn.quantummetric.com/qscripts/quantum-wu.js:112
[   81955ms] [INFO] [OPTIMIZELY] - INFO  2026-04-11T07:35:25.096Z OPTIMIZELY: Feature forget_password_mfa is not enabled for user b8e2e2e7-545c-4d67-b8df-e5ba67cf879f. @ https://cdn.quantummetric.com/qscripts/quantum-wu.js:112
[   81955ms] [WARNING] [OPTIMIZELY] - WARN  2026-04-11T07:35:25.096Z OPTIMIZELY: Event key default-rollout-360670-451731670190945 is not in datafile. @ https://cdn.quantummetric.com/qscripts/quantum-wu.js:112
[   81955ms] [WARNING] [OPTIMIZELY] - WARN  2026-04-11T07:35:25.096Z OPTIMIZELY: Not tracking user b8e2e2e7-545c-4d67-b8df-e5ba67cf879f. @ https://cdn.quantummetric.com/qscripts/quantum-wu.js:112
[   82135ms] [LOG] --------------R3 AEP Web SDK track link click fired----------- @ https://cdn.quantummetric.com/qscripts/quantum-wu.js:112
[   82146ms] [INFO] [OPTIMIZELY] - INFO  2026-04-11T07:35:25.287Z DECISION_SERVICE: Audiences for rule Everyone Else collectively evaluated to TRUE. @ https://cdn.quantummetric.com/qscripts/quantum-wu.js:112
[   82146ms] [INFO] [OPTIMIZELY] - INFO  2026-04-11T07:35:25.287Z OPTIMIZELY: Feature forget_password_mfa is not enabled for user b8e2e2e7-545c-4d67-b8df-e5ba67cf879f. @ https://cdn.quantummetric.com/qscripts/quantum-wu.js:112
[   82147ms] [WARNING] [OPTIMIZELY] - WARN  2026-04-11T07:35:25.287Z OPTIMIZELY: Event key default-rollout-360670-451731670190945 is not in datafile. @ https://cdn.quantummetric.com/qscripts/quantum-wu.js:112
[   82147ms] [WARNING] [OPTIMIZELY] - WARN  2026-04-11T07:35:25.287Z OPTIMIZELY: Not tracking user b8e2e2e7-545c-4d67-b8df-e5ba67cf879f. @ https://cdn.quantummetric.com/qscripts/quantum-wu.js:112
[   82481ms] [LOG] %c2026-04-11T07:35:25.621Z LOG [main.c72568e3234b953d.js:1:349520] color:gray hadoopAnalyticService Response- {status: OK} @ https://cdn.quantummetric.com/qscripts/quantum-wu.js:112
[   82482ms] [LOG] %c2026-04-11T07:35:25.622Z LOG [main.c72568e3234b953d.js:1:224606] color:gray Hadoop Analytic api post done... @ https://cdn.quantummetric.com/qscripts/quantum-wu.js:112
[   83955ms] [INFO] [OPTIMIZELY] - INFO  2026-04-11T07:35:27.096Z DECISION_SERVICE: Audiences for rule Everyone Else collectively evaluated to TRUE. @ https://cdn.quantummetric.com/qscripts/quantum-wu.js:112
[   83956ms] [INFO] [OPTIMIZELY] - INFO  2026-04-11T07:35:27.096Z OPTIMIZELY: Feature forget_password_mfa is not enabled for user b8e2e2e7-545c-4d67-b8df-e5ba67cf879f. @ https://cdn.quantummetric.com/qscripts/quantum-wu.js:112
[   83956ms] [WARNING] [OPTIMIZELY] - WARN  2026-04-11T07:35:27.097Z OPTIMIZELY: Event key default-rollout-360670-451731670190945 is not in datafile. @ https://cdn.quantummetric.com/qscripts/quantum-wu.js:112
[   83957ms] [WARNING] [OPTIMIZELY] - WARN  2026-04-11T07:35:27.097Z OPTIMIZELY: Not tracking user b8e2e2e7-545c-4d67-b8df-e5ba67cf879f. @ https://cdn.quantummetric.com/qscripts/quantum-wu.js:112
[   84030ms] [INFO] [OPTIMIZELY] - INFO  2026-04-11T07:35:27.170Z DECISION_SERVICE: Audiences for rule Everyone Else collectively evaluated to TRUE. @ https://cdn.quantummetric.com/qscripts/quantum-wu.js:112
[   84031ms] [INFO] [OPTIMIZELY] - INFO  2026-04-11T07:35:27.172Z OPTIMIZELY: Feature forget_password_mfa is not enabled for user b8e2e2e7-545c-4d67-b8df-e5ba67cf879f. @ https://cdn.quantummetric.com/qscripts/quantum-wu.js:112
[   84155ms] [INFO] [OPTIMIZELY] - INFO  2026-04-11T07:35:27.295Z DECISION_SERVICE: Audiences for rule Everyone Else collectively evaluated to TRUE. @ https://cdn.quantummetric.com/qscripts/quantum-wu.js:112
[   84155ms] [INFO] [OPTIMIZELY] - INFO  2026-04-11T07:35:27.296Z OPTIMIZELY: Feature forget_password_mfa is not enabled for user b8e2e2e7-545c-4d67-b8df-e5ba67cf879f. @ https://cdn.quantummetric.com/qscripts/quantum-wu.js:112
[   84156ms] [WARNING] [OPTIMIZELY] - WARN  2026-04-11T07:35:27.296Z OPTIMIZELY: Event key default-rollout-360670-451731670190945 is not in datafile. @ https://cdn.quantummetric.com/qscripts/quantum-wu.js:112
[   84156ms] [WARNING] [OPTIMIZELY] - WARN  2026-04-11T07:35:27.296Z OPTIMIZELY: Not tracking user b8e2e2e7-545c-4d67-b8df-e5ba67cf879f. @ https://cdn.quantummetric.com/qscripts/quantum-wu.js:112
[   84157ms] [INFO] [OPTIMIZELY] - INFO  2026-04-11T07:35:27.298Z DECISION_SERVICE: Audiences for rule Everyone Else collectively evaluated to TRUE. @ https://cdn.quantummetric.com/qscripts/quantum-wu.js:112
[   84158ms] [INFO] [OPTIMIZELY] - INFO  2026-04-11T07:35:27.298Z OPTIMIZELY: Feature forget_password_mfa is not enabled for user b8e2e2e7-545c-4d67-b8df-e5ba67cf879f. @ https://cdn.quantummetric.com/qscripts/quantum-wu.js:112
[   84158ms] [WARNING] [OPTIMIZELY] - WARN  2026-04-11T07:35:27.299Z OPTIMIZELY: Event key default-rollout-360670-451731670190945 is not in datafile. @ https://cdn.quantummetric.com/qscripts/quantum-wu.js:112
[   84158ms] [WARNING] [OPTIMIZELY] - WARN  2026-04-11T07:35:27.299Z OPTIMIZELY: Not tracking user b8e2e2e7-545c-4d67-b8df-e5ba67cf879f. @ https://cdn.quantummetric.com/qscripts/quantum-wu.js:112
[   84170ms] [INFO] [OPTIMIZELY] - INFO  2026-04-11T07:35:27.310Z DECISION_SERVICE: Audiences for rule Everyone Else collectively evaluated to TRUE. @ https://cdn.quantummetric.com/qscripts/quantum-wu.js:112
[   84171ms] [INFO] [OPTIMIZELY] - INFO  2026-04-11T07:35:27.311Z OPTIMIZELY: Feature forget_password_mfa is not enabled for user b8e2e2e7-545c-4d67-b8df-e5ba67cf879f. @ https://cdn.quantummetric.com/qscripts/quantum-wu.js:112
[   84171ms] [WARNING] [OPTIMIZELY] - WARN  2026-04-11T07:35:27.311Z OPTIMIZELY: Event key default-rollout-360670-451731670190945 is not in datafile. @ https://cdn.quantummetric.com/qscripts/quantum-wu.js:112
[   84171ms] [WARNING] [OPTIMIZELY] - WARN  2026-04-11T07:35:27.312Z OPTIMIZELY: Not tracking user b8e2e2e7-545c-4d67-b8df-e5ba67cf879f. @ https://cdn.quantummetric.com/qscripts/quantum-wu.js:112
[   84424ms] [INFO] [OPTIMIZELY] - INFO  2026-04-11T07:35:27.564Z DECISION_SERVICE: Audiences for rule Everyone Else collectively evaluated to TRUE. @ https://cdn.quantummetric.com/qscripts/quantum-wu.js:112
[   84424ms] [INFO] [OPTIMIZELY] - INFO  2026-04-11T07:35:27.565Z OPTIMIZELY: Feature forget_password_mfa is not enabled for user b8e2e2e7-545c-4d67-b8df-e5ba67cf879f. @ https://cdn.quantummetric.com/qscripts/quantum-wu.js:112
[   84425ms] [WARNING] [OPTIMIZELY] - WARN  2026-04-11T07:35:27.565Z OPTIMIZELY: Event key default-rollout-360670-451731670190945 is not in datafile. @ https://cdn.quantummetric.com/qscripts/quantum-wu.js:112
[   84425ms] [WARNING] [OPTIMIZELY] - WARN  2026-04-11T07:35:27.565Z OPTIMIZELY: Not tracking user b8e2e2e7-545c-4d67-b8df-e5ba67cf879f. @ https://cdn.quantummetric.com/qscripts/quantum-wu.js:112
[   84452ms] [LOG] -------------R3 AEP Web SDK page load fired------------- @ https://cdn.quantummetric.com/qscripts/quantum-wu.js:112
[   84584ms] [ERROR] Attestation check for Attribution Reporting on https://www.facebook.com failed. @ https://www.westernunion.com/jp/ja/web/user/mfa-verification:0
[   84627ms] [INFO] Pinterest Tag Error: 'load' command was called multiple times.  Previously for tag id '%s', now for tag id '%s'. 2614009158756 2614009158756 @ https://cdn.quantummetric.com/qscripts/quantum-wu.js:112
[   84666ms] [LOG] Hello from One Trust Cookie Consent Loop[object Object] @ https://cdn.quantummetric.com/qscripts/quantum-wu.js:112
[   84956ms] [ERROR] Attestation check for Attribution Reporting on https://www.facebook.com failed. @ https://www.westernunion.com/jp/ja/web/user/mfa-verification:0
[   84962ms] [WARNING] [TikTok Pixel] - Duplicate Pixel ID
Issue: The pixel ID is duplicate. This could impact the pixel data accuracy.
Suggestion: Please double check and delete any unnecessary pixel code. @ https://cdn.quantummetric.com/qscripts/quantum-wu.js:112
[  106515ms] [LOG] --------------R3 AEP Web SDK track link click fired----------- @ https://cdn.quantummetric.com/qscripts/quantum-wu.js:112
[  106528ms] [INFO] [OPTIMIZELY] - INFO  2026-04-11T07:35:49.668Z DECISION_SERVICE: Audiences for rule Everyone Else collectively evaluated to TRUE. @ https://cdn.quantummetric.com/qscripts/quantum-wu.js:112
[  106528ms] [INFO] [OPTIMIZELY] - INFO  2026-04-11T07:35:49.669Z OPTIMIZELY: Feature forget_password_mfa is not enabled for user b8e2e2e7-545c-4d67-b8df-e5ba67cf879f. @ https://cdn.quantummetric.com/qscripts/quantum-wu.js:112
[  106528ms] [WARNING] [OPTIMIZELY] - WARN  2026-04-11T07:35:49.669Z OPTIMIZELY: Event key default-rollout-360670-451731670190945 is not in datafile. @ https://cdn.quantummetric.com/qscripts/quantum-wu.js:112
[  106528ms] [WARNING] [OPTIMIZELY] - WARN  2026-04-11T07:35:49.669Z OPTIMIZELY: Not tracking user b8e2e2e7-545c-4d67-b8df-e5ba67cf879f. @ https://cdn.quantummetric.com/qscripts/quantum-wu.js:112
[  106535ms] [INFO] [OPTIMIZELY] - INFO  2026-04-11T07:35:49.675Z DECISION_SERVICE: Audiences for rule Everyone Else collectively evaluated to TRUE. @ https://cdn.quantummetric.com/qscripts/quantum-wu.js:112
[  106535ms] [INFO] [OPTIMIZELY] - INFO  2026-04-11T07:35:49.676Z OPTIMIZELY: Feature forget_password_mfa is not enabled for user b8e2e2e7-545c-4d67-b8df-e5ba67cf879f. @ https://cdn.quantummetric.com/qscripts/quantum-wu.js:112
[  106535ms] [WARNING] [OPTIMIZELY] - WARN  2026-04-11T07:35:49.676Z OPTIMIZELY: Event key default-rollout-360670-451731670190945 is not in datafile. @ https://cdn.quantummetric.com/qscripts/quantum-wu.js:112
[  106535ms] [WARNING] [OPTIMIZELY] - WARN  2026-04-11T07:35:49.676Z OPTIMIZELY: Not tracking user b8e2e2e7-545c-4d67-b8df-e5ba67cf879f. @ https://cdn.quantummetric.com/qscripts/quantum-wu.js:112
[  107667ms] [INFO] [OPTIMIZELY] - INFO  2026-04-11T07:35:50.808Z DECISION_SERVICE: Audiences for rule Everyone Else collectively evaluated to TRUE. @ https://cdn.quantummetric.com/qscripts/quantum-wu.js:112
[  107668ms] [INFO] [OPTIMIZELY] - INFO  2026-04-11T07:35:50.808Z OPTIMIZELY: Feature forget_password_mfa is not enabled for user b8e2e2e7-545c-4d67-b8df-e5ba67cf879f. @ https://cdn.quantummetric.com/qscripts/quantum-wu.js:112
[  107668ms] [WARNING] [OPTIMIZELY] - WARN  2026-04-11T07:35:50.808Z OPTIMIZELY: Event key default-rollout-360670-451731670190945 is not in datafile. @ https://cdn.quantummetric.com/qscripts/quantum-wu.js:112
[  107668ms] [WARNING] [OPTIMIZELY] - WARN  2026-04-11T07:35:50.809Z OPTIMIZELY: Not tracking user b8e2e2e7-545c-4d67-b8df-e5ba67cf879f. @ https://cdn.quantummetric.com/qscripts/quantum-wu.js:112
[  107720ms] [INFO] [OPTIMIZELY] - INFO  2026-04-11T07:35:50.861Z DECISION_SERVICE: Audiences for rule Everyone Else collectively evaluated to TRUE. @ https://cdn.quantummetric.com/qscripts/quantum-wu.js:112
[  107721ms] [INFO] [OPTIMIZELY] - INFO  2026-04-11T07:35:50.861Z OPTIMIZELY: Feature forget_password_mfa is not enabled for user b8e2e2e7-545c-4d67-b8df-e5ba67cf879f. @ https://cdn.quantummetric.com/qscripts/quantum-wu.js:112
[  107798ms] [INFO] [OPTIMIZELY] - INFO  2026-04-11T07:35:50.938Z DECISION_SERVICE: Audiences for rule Everyone Else collectively evaluated to TRUE. @ https://cdn.quantummetric.com/qscripts/quantum-wu.js:112
[  107799ms] [INFO] [OPTIMIZELY] - INFO  2026-04-11T07:35:50.939Z OPTIMIZELY: Feature forget_password_mfa is not enabled for user b8e2e2e7-545c-4d67-b8df-e5ba67cf879f. @ https://cdn.quantummetric.com/qscripts/quantum-wu.js:112
[  107799ms] [WARNING] [OPTIMIZELY] - WARN  2026-04-11T07:35:50.940Z OPTIMIZELY: Event key default-rollout-360670-451731670190945 is not in datafile. @ https://cdn.quantummetric.com/qscripts/quantum-wu.js:112
[  107800ms] [WARNING] [OPTIMIZELY] - WARN  2026-04-11T07:35:50.940Z OPTIMIZELY: Not tracking user b8e2e2e7-545c-4d67-b8df-e5ba67cf879f. @ https://cdn.quantummetric.com/qscripts/quantum-wu.js:112
[  107808ms] [INFO] [OPTIMIZELY] - INFO  2026-04-11T07:35:50.948Z DECISION_SERVICE: Audiences for rule Everyone Else collectively evaluated to TRUE. @ https://cdn.quantummetric.com/qscripts/quantum-wu.js:112
[  107809ms] [INFO] [OPTIMIZELY] - INFO  2026-04-11T07:35:50.949Z OPTIMIZELY: Feature forget_password_mfa is not enabled for user b8e2e2e7-545c-4d67-b8df-e5ba67cf879f. @ https://cdn.quantummetric.com/qscripts/quantum-wu.js:112
[  107809ms] [WARNING] [OPTIMIZELY] - WARN  2026-04-11T07:35:50.950Z OPTIMIZELY: Event key default-rollout-360670-451731670190945 is not in datafile. @ https://cdn.quantummetric.com/qscripts/quantum-wu.js:112
[  107810ms] [WARNING] [OPTIMIZELY] - WARN  2026-04-11T07:35:50.950Z OPTIMIZELY: Not tracking user b8e2e2e7-545c-4d67-b8df-e5ba67cf879f. @ https://cdn.quantummetric.com/qscripts/quantum-wu.js:112
[  107811ms] [INFO] [OPTIMIZELY] - INFO  2026-04-11T07:35:50.951Z DECISION_SERVICE: Audiences for rule Everyone Else collectively evaluated to TRUE. @ https://cdn.quantummetric.com/qscripts/quantum-wu.js:112
[  107812ms] [INFO] [OPTIMIZELY] - INFO  2026-04-11T07:35:50.952Z OPTIMIZELY: Feature forget_password_mfa is not enabled for user b8e2e2e7-545c-4d67-b8df-e5ba67cf879f. @ https://cdn.quantummetric.com/qscripts/quantum-wu.js:112
[  107812ms] [WARNING] [OPTIMIZELY] - WARN  2026-04-11T07:35:50.952Z OPTIMIZELY: Event key default-rollout-360670-451731670190945 is not in datafile. @ https://cdn.quantummetric.com/qscripts/quantum-wu.js:112
[  107812ms] [WARNING] [OPTIMIZELY] - WARN  2026-04-11T07:35:50.953Z OPTIMIZELY: Not tracking user b8e2e2e7-545c-4d67-b8df-e5ba67cf879f. @ https://cdn.quantummetric.com/qscripts/quantum-wu.js:112
[  107963ms] [LOG] --------------R3 AEP Web SDK track link click fired----------- @ https://cdn.quantummetric.com/qscripts/quantum-wu.js:112
[  107982ms] [INFO] [OPTIMIZELY] - INFO  2026-04-11T07:35:51.122Z DECISION_SERVICE: Audiences for rule Everyone Else collectively evaluated to TRUE. @ https://cdn.quantummetric.com/qscripts/quantum-wu.js:112
[  107982ms] [INFO] [OPTIMIZELY] - INFO  2026-04-11T07:35:51.122Z OPTIMIZELY: Feature forget_password_mfa is not enabled for user b8e2e2e7-545c-4d67-b8df-e5ba67cf879f. @ https://cdn.quantummetric.com/qscripts/quantum-wu.js:112
[  108041ms] [INFO] [OPTIMIZELY] - INFO  2026-04-11T07:35:51.182Z DECISION_SERVICE: Audiences for rule Everyone Else collectively evaluated to TRUE. @ https://cdn.quantummetric.com/qscripts/quantum-wu.js:112
[  108042ms] [INFO] [OPTIMIZELY] - INFO  2026-04-11T07:35:51.182Z OPTIMIZELY: Feature forget_password_mfa is not enabled for user b8e2e2e7-545c-4d67-b8df-e5ba67cf879f. @ https://cdn.quantummetric.com/qscripts/quantum-wu.js:112
[  108042ms] [WARNING] [OPTIMIZELY] - WARN  2026-04-11T07:35:51.182Z OPTIMIZELY: Event key default-rollout-360670-451731670190945 is not in datafile. @ https://cdn.quantummetric.com/qscripts/quantum-wu.js:112
[  108042ms] [WARNING] [OPTIMIZELY] - WARN  2026-04-11T07:35:51.182Z OPTIMIZELY: Not tracking user b8e2e2e7-545c-4d67-b8df-e5ba67cf879f. @ https://cdn.quantummetric.com/qscripts/quantum-wu.js:112
[  108042ms] [INFO] [OPTIMIZELY] - INFO  2026-04-11T07:35:51.183Z DECISION_SERVICE: Audiences for rule Everyone Else collectively evaluated to TRUE. @ https://cdn.quantummetric.com/qscripts/quantum-wu.js:112
[  108042ms] [INFO] [OPTIMIZELY] - INFO  2026-04-11T07:35:51.183Z OPTIMIZELY: Feature forget_password_mfa is not enabled for user b8e2e2e7-545c-4d67-b8df-e5ba67cf879f. @ https://cdn.quantummetric.com/qscripts/quantum-wu.js:112
[  108042ms] [WARNING] [OPTIMIZELY] - WARN  2026-04-11T07:35:51.183Z OPTIMIZELY: Event key default-rollout-360670-451731670190945 is not in datafile. @ https://cdn.quantummetric.com/qscripts/quantum-wu.js:112
[  108043ms] [WARNING] [OPTIMIZELY] - WARN  2026-04-11T07:35:51.183Z OPTIMIZELY: Not tracking user b8e2e2e7-545c-4d67-b8df-e5ba67cf879f. @ https://cdn.quantummetric.com/qscripts/quantum-wu.js:112
[  108043ms] [INFO] [OPTIMIZELY] - INFO  2026-04-11T07:35:51.184Z DECISION_SERVICE: Audiences for rule Everyone Else collectively evaluated to TRUE. @ https://cdn.quantummetric.com/qscripts/quantum-wu.js:112
[  108044ms] [INFO] [OPTIMIZELY] - INFO  2026-04-11T07:35:51.184Z OPTIMIZELY: Feature forget_password_mfa is not enabled for user b8e2e2e7-545c-4d67-b8df-e5ba67cf879f. @ https://cdn.quantummetric.com/qscripts/quantum-wu.js:112
[  108044ms] [WARNING] [OPTIMIZELY] - WARN  2026-04-11T07:35:51.184Z OPTIMIZELY: Event key default-rollout-360670-451731670190945 is not in datafile. @ https://cdn.quantummetric.com/qscripts/quantum-wu.js:112
[  108044ms] [WARNING] [OPTIMIZELY] - WARN  2026-04-11T07:35:51.184Z OPTIMIZELY: Not tracking user b8e2e2e7-545c-4d67-b8df-e5ba67cf879f. @ https://cdn.quantummetric.com/qscripts/quantum-wu.js:112
[  108049ms] [INFO] [OPTIMIZELY] - INFO  2026-04-11T07:35:51.190Z DECISION_SERVICE: Audiences for rule Everyone Else collectively evaluated to TRUE. @ https://cdn.quantummetric.com/qscripts/quantum-wu.js:112
[  108050ms] [INFO] [OPTIMIZELY] - INFO  2026-04-11T07:35:51.190Z OPTIMIZELY: Feature forget_password_mfa is not enabled for user b8e2e2e7-545c-4d67-b8df-e5ba67cf879f. @ https://cdn.quantummetric.com/qscripts/quantum-wu.js:112
[  108050ms] [WARNING] [OPTIMIZELY] - WARN  2026-04-11T07:35:51.190Z OPTIMIZELY: Event key default-rollout-360670-451731670190945 is not in datafile. @ https://cdn.quantummetric.com/qscripts/quantum-wu.js:112
[  108050ms] [WARNING] [OPTIMIZELY] - WARN  2026-04-11T07:35:51.190Z OPTIMIZELY: Not tracking user b8e2e2e7-545c-4d67-b8df-e5ba67cf879f. @ https://cdn.quantummetric.com/qscripts/quantum-wu.js:112
[  108072ms] [INFO] [OPTIMIZELY] - INFO  2026-04-11T07:35:51.213Z DECISION_SERVICE: Audiences for rule Everyone Else collectively evaluated to TRUE. @ https://cdn.quantummetric.com/qscripts/quantum-wu.js:112
[  108072ms] [INFO] [OPTIMIZELY] - INFO  2026-04-11T07:35:51.213Z OPTIMIZELY: Feature forget_password_mfa is not enabled for user b8e2e2e7-545c-4d67-b8df-e5ba67cf879f. @ https://cdn.quantummetric.com/qscripts/quantum-wu.js:112
[  108072ms] [WARNING] [OPTIMIZELY] - WARN  2026-04-11T07:35:51.213Z OPTIMIZELY: Event key default-rollout-360670-451731670190945 is not in datafile. @ https://cdn.quantummetric.com/qscripts/quantum-wu.js:112
[  108073ms] [WARNING] [OPTIMIZELY] - WARN  2026-04-11T07:35:51.213Z OPTIMIZELY: Not tracking user b8e2e2e7-545c-4d67-b8df-e5ba67cf879f. @ https://cdn.quantummetric.com/qscripts/quantum-wu.js:112
[  108147ms] [INFO] [OPTIMIZELY] - INFO  2026-04-11T07:35:51.288Z DECISION_SERVICE: Audiences for rule Everyone Else collectively evaluated to TRUE. @ https://cdn.quantummetric.com/qscripts/quantum-wu.js:112
[  108147ms] [INFO] [OPTIMIZELY] - INFO  2026-04-11T07:35:51.288Z OPTIMIZELY: Feature forget_password_mfa is not enabled for user b8e2e2e7-545c-4d67-b8df-e5ba67cf879f. @ https://cdn.quantummetric.com/qscripts/quantum-wu.js:112
[  108148ms] [WARNING] [OPTIMIZELY] - WARN  2026-04-11T07:35:51.288Z OPTIMIZELY: Event key default-rollout-360670-451731670190945 is not in datafile. @ https://cdn.quantummetric.com/qscripts/quantum-wu.js:112
[  108148ms] [WARNING] [OPTIMIZELY] - WARN  2026-04-11T07:35:51.288Z OPTIMIZELY: Not tracking user b8e2e2e7-545c-4d67-b8df-e5ba67cf879f. @ https://cdn.quantummetric.com/qscripts/quantum-wu.js:112
[  108168ms] [ERROR] Attestation check for Attribution Reporting on https://www.facebook.com failed. @ https://www.westernunion.com/jp/ja/web/user/mfa-verification:0
[  108180ms] [LOG] -------------R3 AEP Web SDK page load fired------------- @ https://cdn.quantummetric.com/qscripts/quantum-wu.js:112
[  108194ms] [ERROR] Attestation check for Attribution Reporting on https://www.facebook.com failed. @ https://www.westernunion.com/jp/ja/web/user/mfa-verification:0
[  108218ms] [LOG] -------------R3 AEP Web SDK page load fired------------- @ https://cdn.quantummetric.com/qscripts/quantum-wu.js:112
[  108265ms] [INFO] Pinterest Tag Error: 'load' command was called multiple times.  Previously for tag id '%s', now for tag id '%s'. 2614009158756 2614009158756 @ https://cdn.quantummetric.com/qscripts/quantum-wu.js:112
[  108287ms] [LOG] Hello from One Trust Cookie Consent Loop[object Object] @ https://cdn.quantummetric.com/qscripts/quantum-wu.js:112
[  108299ms] [INFO] Pinterest Tag Error: 'load' command was called multiple times.  Previously for tag id '%s', now for tag id '%s'. 2614009158756 2614009158756 @ https://cdn.quantummetric.com/qscripts/quantum-wu.js:112
[  108322ms] [LOG] Hello from One Trust Cookie Consent Loop[object Object] @ https://cdn.quantummetric.com/qscripts/quantum-wu.js:112
[  108491ms] [ERROR] Attestation check for Attribution Reporting on https://www.facebook.com failed. @ https://www.westernunion.com/jp/ja/web/user/mfa-verification:0
[  108493ms] [WARNING] [TikTok Pixel] - Duplicate Pixel ID
Issue: The pixel ID is duplicate. This could impact the pixel data accuracy.
Suggestion: Please double check and delete any unnecessary pixel code. @ https://cdn.quantummetric.com/qscripts/quantum-wu.js:112
[  108502ms] [ERROR] Attestation check for Attribution Reporting on https://www.facebook.com failed. @ https://www.westernunion.com/jp/ja/web/user/mfa-verification:0
[  110321ms] [LOG] --------------R3 AEP Web SDK track link click fired----------- @ https://cdn.quantummetric.com/qscripts/quantum-wu.js:112
[  110338ms] [INFO] [OPTIMIZELY] - INFO  2026-04-11T07:35:53.478Z DECISION_SERVICE: Audiences for rule Everyone Else collectively evaluated to TRUE. @ https://cdn.quantummetric.com/qscripts/quantum-wu.js:112
[  110338ms] [INFO] [OPTIMIZELY] - INFO  2026-04-11T07:35:53.478Z OPTIMIZELY: Feature forget_password_mfa is not enabled for user b8e2e2e7-545c-4d67-b8df-e5ba67cf879f. @ https://cdn.quantummetric.com/qscripts/quantum-wu.js:112
[  110338ms] [WARNING] [OPTIMIZELY] - WARN  2026-04-11T07:35:53.479Z OPTIMIZELY: Event key default-rollout-360670-451731670190945 is not in datafile. @ https://cdn.quantummetric.com/qscripts/quantum-wu.js:112
[  110338ms] [WARNING] [OPTIMIZELY] - WARN  2026-04-11T07:35:53.479Z OPTIMIZELY: Not tracking user b8e2e2e7-545c-4d67-b8df-e5ba67cf879f. @ https://cdn.quantummetric.com/qscripts/quantum-wu.js:112
[  110338ms] [INFO] [OPTIMIZELY] - INFO  2026-04-11T07:35:53.479Z DECISION_SERVICE: Audiences for rule Everyone Else collectively evaluated to TRUE. @ https://cdn.quantummetric.com/qscripts/quantum-wu.js:112
[  110339ms] [INFO] [OPTIMIZELY] - INFO  2026-04-11T07:35:53.479Z OPTIMIZELY: Feature forget_password_mfa is not enabled for user b8e2e2e7-545c-4d67-b8df-e5ba67cf879f. @ https://cdn.quantummetric.com/qscripts/quantum-wu.js:112
[  110339ms] [WARNING] [OPTIMIZELY] - WARN  2026-04-11T07:35:53.479Z OPTIMIZELY: Event key default-rollout-360670-451731670190945 is not in datafile. @ https://cdn.quantummetric.com/qscripts/quantum-wu.js:112
[  110339ms] [WARNING] [OPTIMIZELY] - WARN  2026-04-11T07:35:53.479Z OPTIMIZELY: Not tracking user b8e2e2e7-545c-4d67-b8df-e5ba67cf879f. @ https://cdn.quantummetric.com/qscripts/quantum-wu.js:112
[  110345ms] [INFO] [OPTIMIZELY] - INFO  2026-04-11T07:35:53.485Z DECISION_SERVICE: Audiences for rule Everyone Else collectively evaluated to TRUE. @ https://cdn.quantummetric.com/qscripts/quantum-wu.js:112
[  110345ms] [INFO] [OPTIMIZELY] - INFO  2026-04-11T07:35:53.485Z OPTIMIZELY: Feature forget_password_mfa is not enabled for user b8e2e2e7-545c-4d67-b8df-e5ba67cf879f. @ https://cdn.quantummetric.com/qscripts/quantum-wu.js:112
[  110345ms] [WARNING] [OPTIMIZELY] - WARN  2026-04-11T07:35:53.486Z OPTIMIZELY: Event key default-rollout-360670-451731670190945 is not in datafile. @ https://cdn.quantummetric.com/qscripts/quantum-wu.js:112
[  110345ms] [WARNING] [OPTIMIZELY] - WARN  2026-04-11T07:35:53.486Z OPTIMIZELY: Not tracking user b8e2e2e7-545c-4d67-b8df-e5ba67cf879f. @ https://cdn.quantummetric.com/qscripts/quantum-wu.js:112
[  111458ms] [LOG] --------------R3 AEP Web SDK track link click fired----------- @ https://cdn.quantummetric.com/qscripts/quantum-wu.js:112
[  111476ms] [INFO] [OPTIMIZELY] - INFO  2026-04-11T07:35:54.617Z DECISION_SERVICE: Audiences for rule Everyone Else collectively evaluated to TRUE. @ https://cdn.quantummetric.com/qscripts/quantum-wu.js:112
[  111476ms] [INFO] [OPTIMIZELY] - INFO  2026-04-11T07:35:54.617Z OPTIMIZELY: Feature forget_password_mfa is not enabled for user b8e2e2e7-545c-4d67-b8df-e5ba67cf879f. @ https://cdn.quantummetric.com/qscripts/quantum-wu.js:112
[  111477ms] [WARNING] [OPTIMIZELY] - WARN  2026-04-11T07:35:54.617Z OPTIMIZELY: Event key default-rollout-360670-451731670190945 is not in datafile. @ https://cdn.quantummetric.com/qscripts/quantum-wu.js:112
[  111477ms] [WARNING] [OPTIMIZELY] - WARN  2026-04-11T07:35:54.617Z OPTIMIZELY: Not tracking user b8e2e2e7-545c-4d67-b8df-e5ba67cf879f. @ https://cdn.quantummetric.com/qscripts/quantum-wu.js:112
[  111477ms] [INFO] [OPTIMIZELY] - INFO  2026-04-11T07:35:54.617Z DECISION_SERVICE: Audiences for rule Everyone Else collectively evaluated to TRUE. @ https://cdn.quantummetric.com/qscripts/quantum-wu.js:112
[  111477ms] [INFO] [OPTIMIZELY] - INFO  2026-04-11T07:35:54.617Z OPTIMIZELY: Feature forget_password_mfa is not enabled for user b8e2e2e7-545c-4d67-b8df-e5ba67cf879f. @ https://cdn.quantummetric.com/qscripts/quantum-wu.js:112
[  111477ms] [WARNING] [OPTIMIZELY] - WARN  2026-04-11T07:35:54.617Z OPTIMIZELY: Event key default-rollout-360670-451731670190945 is not in datafile. @ https://cdn.quantummetric.com/qscripts/quantum-wu.js:112
[  111477ms] [WARNING] [OPTIMIZELY] - WARN  2026-04-11T07:35:54.618Z OPTIMIZELY: Not tracking user b8e2e2e7-545c-4d67-b8df-e5ba67cf879f. @ https://cdn.quantummetric.com/qscripts/quantum-wu.js:112
[  111483ms] [INFO] [OPTIMIZELY] - INFO  2026-04-11T07:35:54.623Z DECISION_SERVICE: Audiences for rule Everyone Else collectively evaluated to TRUE. @ https://cdn.quantummetric.com/qscripts/quantum-wu.js:112
[  111483ms] [INFO] [OPTIMIZELY] - INFO  2026-04-11T07:35:54.624Z OPTIMIZELY: Feature forget_password_mfa is not enabled for user b8e2e2e7-545c-4d67-b8df-e5ba67cf879f. @ https://cdn.quantummetric.com/qscripts/quantum-wu.js:112
[  111483ms] [WARNING] [OPTIMIZELY] - WARN  2026-04-11T07:35:54.624Z OPTIMIZELY: Event key default-rollout-360670-451731670190945 is not in datafile. @ https://cdn.quantummetric.com/qscripts/quantum-wu.js:112
[  111483ms] [WARNING] [OPTIMIZELY] - WARN  2026-04-11T07:35:54.624Z OPTIMIZELY: Not tracking user b8e2e2e7-545c-4d67-b8df-e5ba67cf879f. @ https://cdn.quantummetric.com/qscripts/quantum-wu.js:112
[  150823ms] [LOG] --------------R3 AEP Web SDK track link click fired----------- @ https://cdn.quantummetric.com/qscripts/quantum-wu.js:112
[  150838ms] [INFO] [OPTIMIZELY] - INFO  2026-04-11T07:36:33.979Z DECISION_SERVICE: Audiences for rule Everyone Else collectively evaluated to TRUE. @ https://cdn.quantummetric.com/qscripts/quantum-wu.js:112
[  150839ms] [INFO] [OPTIMIZELY] - INFO  2026-04-11T07:36:33.979Z OPTIMIZELY: Feature forget_password_mfa is not enabled for user b8e2e2e7-545c-4d67-b8df-e5ba67cf879f. @ https://cdn.quantummetric.com/qscripts/quantum-wu.js:112
[  150839ms] [WARNING] [OPTIMIZELY] - WARN  2026-04-11T07:36:33.979Z OPTIMIZELY: Event key default-rollout-360670-451731670190945 is not in datafile. @ https://cdn.quantummetric.com/qscripts/quantum-wu.js:112
[  150839ms] [WARNING] [OPTIMIZELY] - WARN  2026-04-11T07:36:33.979Z OPTIMIZELY: Not tracking user b8e2e2e7-545c-4d67-b8df-e5ba67cf879f. @ https://cdn.quantummetric.com/qscripts/quantum-wu.js:112
[  150846ms] [INFO] [OPTIMIZELY] - INFO  2026-04-11T07:36:33.986Z DECISION_SERVICE: Audiences for rule Everyone Else collectively evaluated to TRUE. @ https://cdn.quantummetric.com/qscripts/quantum-wu.js:112
[  150846ms] [INFO] [OPTIMIZELY] - INFO  2026-04-11T07:36:33.987Z OPTIMIZELY: Feature forget_password_mfa is not enabled for user b8e2e2e7-545c-4d67-b8df-e5ba67cf879f. @ https://cdn.quantummetric.com/qscripts/quantum-wu.js:112
[  150846ms] [WARNING] [OPTIMIZELY] - WARN  2026-04-11T07:36:33.987Z OPTIMIZELY: Event key default-rollout-360670-451731670190945 is not in datafile. @ https://cdn.quantummetric.com/qscripts/quantum-wu.js:112
[  150846ms] [WARNING] [OPTIMIZELY] - WARN  2026-04-11T07:36:33.987Z OPTIMIZELY: Not tracking user b8e2e2e7-545c-4d67-b8df-e5ba67cf879f. @ https://cdn.quantummetric.com/qscripts/quantum-wu.js:112
[  152185ms] [INFO] [OPTIMIZELY] - INFO  2026-04-11T07:36:35.325Z DECISION_SERVICE: Audiences for rule Everyone Else collectively evaluated to TRUE. @ https://cdn.quantummetric.com/qscripts/quantum-wu.js:112
[  152185ms] [INFO] [OPTIMIZELY] - INFO  2026-04-11T07:36:35.325Z OPTIMIZELY: Feature forget_password_mfa is not enabled for user b8e2e2e7-545c-4d67-b8df-e5ba67cf879f. @ https://cdn.quantummetric.com/qscripts/quantum-wu.js:112
[  152185ms] [WARNING] [OPTIMIZELY] - WARN  2026-04-11T07:36:35.325Z OPTIMIZELY: Event key default-rollout-360670-451731670190945 is not in datafile. @ https://cdn.quantummetric.com/qscripts/quantum-wu.js:112
[  152185ms] [WARNING] [OPTIMIZELY] - WARN  2026-04-11T07:36:35.326Z OPTIMIZELY: Not tracking user b8e2e2e7-545c-4d67-b8df-e5ba67cf879f. @ https://cdn.quantummetric.com/qscripts/quantum-wu.js:112
[  152229ms] [INFO] [OPTIMIZELY] - INFO  2026-04-11T07:36:35.369Z DECISION_SERVICE: Audiences for rule Everyone Else collectively evaluated to TRUE. @ https://cdn.quantummetric.com/qscripts/quantum-wu.js:112
[  152230ms] [INFO] [OPTIMIZELY] - INFO  2026-04-11T07:36:35.370Z OPTIMIZELY: Feature forget_password_mfa is not enabled for user b8e2e2e7-545c-4d67-b8df-e5ba67cf879f. @ https://cdn.quantummetric.com/qscripts/quantum-wu.js:112
[  152363ms] [INFO] [OPTIMIZELY] - INFO  2026-04-11T07:36:35.504Z DECISION_SERVICE: Audiences for rule Everyone Else collectively evaluated to TRUE. @ https://cdn.quantummetric.com/qscripts/quantum-wu.js:112
[  152363ms] [INFO] [OPTIMIZELY] - INFO  2026-04-11T07:36:35.504Z OPTIMIZELY: Feature forget_password_mfa is not enabled for user b8e2e2e7-545c-4d67-b8df-e5ba67cf879f. @ https://cdn.quantummetric.com/qscripts/quantum-wu.js:112
[  152364ms] [WARNING] [OPTIMIZELY] - WARN  2026-04-11T07:36:35.504Z OPTIMIZELY: Event key default-rollout-360670-451731670190945 is not in datafile. @ https://cdn.quantummetric.com/qscripts/quantum-wu.js:112
[  152364ms] [WARNING] [OPTIMIZELY] - WARN  2026-04-11T07:36:35.504Z OPTIMIZELY: Not tracking user b8e2e2e7-545c-4d67-b8df-e5ba67cf879f. @ https://cdn.quantummetric.com/qscripts/quantum-wu.js:112
[  152366ms] [INFO] [OPTIMIZELY] - INFO  2026-04-11T07:36:35.506Z DECISION_SERVICE: Audiences for rule Everyone Else collectively evaluated to TRUE. @ https://cdn.quantummetric.com/qscripts/quantum-wu.js:112
[  152366ms] [INFO] [OPTIMIZELY] - INFO  2026-04-11T07:36:35.506Z OPTIMIZELY: Feature forget_password_mfa is not enabled for user b8e2e2e7-545c-4d67-b8df-e5ba67cf879f. @ https://cdn.quantummetric.com/qscripts/quantum-wu.js:112
[  152366ms] [WARNING] [OPTIMIZELY] - WARN  2026-04-11T07:36:35.507Z OPTIMIZELY: Event key default-rollout-360670-451731670190945 is not in datafile. @ https://cdn.quantummetric.com/qscripts/quantum-wu.js:112
[  152366ms] [WARNING] [OPTIMIZELY] - WARN  2026-04-11T07:36:35.507Z OPTIMIZELY: Not tracking user b8e2e2e7-545c-4d67-b8df-e5ba67cf879f. @ https://cdn.quantummetric.com/qscripts/quantum-wu.js:112
[  152367ms] [INFO] [OPTIMIZELY] - INFO  2026-04-11T07:36:35.507Z DECISION_SERVICE: Audiences for rule Everyone Else collectively evaluated to TRUE. @ https://cdn.quantummetric.com/qscripts/quantum-wu.js:112
[  152367ms] [INFO] [OPTIMIZELY] - INFO  2026-04-11T07:36:35.507Z OPTIMIZELY: Feature forget_password_mfa is not enabled for user b8e2e2e7-545c-4d67-b8df-e5ba67cf879f. @ https://cdn.quantummetric.com/qscripts/quantum-wu.js:112
[  152367ms] [WARNING] [OPTIMIZELY] - WARN  2026-04-11T07:36:35.507Z OPTIMIZELY: Event key default-rollout-360670-451731670190945 is not in datafile. @ https://cdn.quantummetric.com/qscripts/quantum-wu.js:112
[  152367ms] [WARNING] [OPTIMIZELY] - WARN  2026-04-11T07:36:35.508Z OPTIMIZELY: Not tracking user b8e2e2e7-545c-4d67-b8df-e5ba67cf879f. @ https://cdn.quantummetric.com/qscripts/quantum-wu.js:112
[  152472ms] [INFO] [OPTIMIZELY] - INFO  2026-04-11T07:36:35.612Z DECISION_SERVICE: Audiences for rule Everyone Else collectively evaluated to TRUE. @ https://cdn.quantummetric.com/qscripts/quantum-wu.js:112
[  152472ms] [INFO] [OPTIMIZELY] - INFO  2026-04-11T07:36:35.612Z OPTIMIZELY: Feature forget_password_mfa is not enabled for user b8e2e2e7-545c-4d67-b8df-e5ba67cf879f. @ https://cdn.quantummetric.com/qscripts/quantum-wu.js:112
[  152472ms] [WARNING] [OPTIMIZELY] - WARN  2026-04-11T07:36:35.612Z OPTIMIZELY: Event key default-rollout-360670-451731670190945 is not in datafile. @ https://cdn.quantummetric.com/qscripts/quantum-wu.js:112
[  152472ms] [WARNING] [OPTIMIZELY] - WARN  2026-04-11T07:36:35.613Z OPTIMIZELY: Not tracking user b8e2e2e7-545c-4d67-b8df-e5ba67cf879f. @ https://cdn.quantummetric.com/qscripts/quantum-wu.js:112
[  152483ms] [LOG] -------------R3 AEP Web SDK page load fired------------- @ https://cdn.quantummetric.com/qscripts/quantum-wu.js:112
[  152535ms] [INFO] Pinterest Tag Error: 'load' command was called multiple times.  Previously for tag id '%s', now for tag id '%s'. 2614009158756 2614009158756 @ https://cdn.quantummetric.com/qscripts/quantum-wu.js:112
[  152560ms] [LOG] Hello from One Trust Cookie Consent Loop[object Object] @ https://cdn.quantummetric.com/qscripts/quantum-wu.js:112
[  152582ms] [ERROR] Attestation check for Attribution Reporting on https://www.facebook.com failed. @ https://www.westernunion.com/jp/ja/web/user/mfa-otp:0
[  152720ms] [ERROR] Attestation check for Attribution Reporting on https://www.facebook.com failed. @ https://www.westernunion.com/jp/ja/web/user/mfa-otp:0
[  152735ms] [WARNING] [TikTok Pixel] - Duplicate Pixel ID
Issue: The pixel ID is duplicate. This could impact the pixel data accuracy.
Suggestion: Please double check and delete any unnecessary pixel code. @ https://cdn.quantummetric.com/qscripts/quantum-wu.js:112
[  160433ms] [INFO] [OPTIMIZELY] - INFO  2026-04-11T07:36:43.574Z DECISION_SERVICE: Audiences for rule Everyone Else collectively evaluated to TRUE. @ https://cdn.quantummetric.com/qscripts/quantum-wu.js:112
[  160433ms] [INFO] [OPTIMIZELY] - INFO  2026-04-11T07:36:43.574Z OPTIMIZELY: Feature forget_password_mfa is not enabled for user b8e2e2e7-545c-4d67-b8df-e5ba67cf879f. @ https://cdn.quantummetric.com/qscripts/quantum-wu.js:112
[  160434ms] [WARNING] [OPTIMIZELY] - WARN  2026-04-11T07:36:43.574Z OPTIMIZELY: Event key default-rollout-360670-451731670190945 is not in datafile. @ https://cdn.quantummetric.com/qscripts/quantum-wu.js:112
[  160434ms] [WARNING] [OPTIMIZELY] - WARN  2026-04-11T07:36:43.574Z OPTIMIZELY: Not tracking user b8e2e2e7-545c-4d67-b8df-e5ba67cf879f. @ https://cdn.quantummetric.com/qscripts/quantum-wu.js:112
[  161557ms] [LOG] --------------R3 AEP Web SDK track link click fired----------- @ https://cdn.quantummetric.com/qscripts/quantum-wu.js:112
[  161576ms] [INFO] [OPTIMIZELY] - INFO  2026-04-11T07:36:44.716Z DECISION_SERVICE: Audiences for rule Everyone Else collectively evaluated to TRUE. @ https://cdn.quantummetric.com/qscripts/quantum-wu.js:112
[  161576ms] [INFO] [OPTIMIZELY] - INFO  2026-04-11T07:36:44.717Z OPTIMIZELY: Feature forget_password_mfa is not enabled for user b8e2e2e7-545c-4d67-b8df-e5ba67cf879f. @ https://cdn.quantummetric.com/qscripts/quantum-wu.js:112
[  161576ms] [WARNING] [OPTIMIZELY] - WARN  2026-04-11T07:36:44.717Z OPTIMIZELY: Event key default-rollout-360670-451731670190945 is not in datafile. @ https://cdn.quantummetric.com/qscripts/quantum-wu.js:112
[  161576ms] [WARNING] [OPTIMIZELY] - WARN  2026-04-11T07:36:44.717Z OPTIMIZELY: Not tracking user b8e2e2e7-545c-4d67-b8df-e5ba67cf879f. @ https://cdn.quantummetric.com/qscripts/quantum-wu.js:112
[  161583ms] [INFO] [OPTIMIZELY] - INFO  2026-04-11T07:36:44.723Z DECISION_SERVICE: Audiences for rule Everyone Else collectively evaluated to TRUE. @ https://cdn.quantummetric.com/qscripts/quantum-wu.js:112
[  161583ms] [INFO] [OPTIMIZELY] - INFO  2026-04-11T07:36:44.723Z OPTIMIZELY: Feature forget_password_mfa is not enabled for user b8e2e2e7-545c-4d67-b8df-e5ba67cf879f. @ https://cdn.quantummetric.com/qscripts/quantum-wu.js:112
[  161583ms] [WARNING] [OPTIMIZELY] - WARN  2026-04-11T07:36:44.723Z OPTIMIZELY: Event key default-rollout-360670-451731670190945 is not in datafile. @ https://cdn.quantummetric.com/qscripts/quantum-wu.js:112
[  161583ms] [WARNING] [OPTIMIZELY] - WARN  2026-04-11T07:36:44.723Z OPTIMIZELY: Not tracking user b8e2e2e7-545c-4d67-b8df-e5ba67cf879f. @ https://cdn.quantummetric.com/qscripts/quantum-wu.js:112
[  162712ms] [INFO] [OPTIMIZELY] - INFO  2026-04-11T07:36:45.853Z DECISION_SERVICE: Audiences for rule Everyone Else collectively evaluated to TRUE. @ https://cdn.quantummetric.com/qscripts/quantum-wu.js:112
[  162713ms] [INFO] [OPTIMIZELY] - INFO  2026-04-11T07:36:45.853Z OPTIMIZELY: Feature forget_password_mfa is not enabled for user b8e2e2e7-545c-4d67-b8df-e5ba67cf879f. @ https://cdn.quantummetric.com/qscripts/quantum-wu.js:112
[  162713ms] [WARNING] [OPTIMIZELY] - WARN  2026-04-11T07:36:45.853Z OPTIMIZELY: Event key default-rollout-360670-451731670190945 is not in datafile. @ https://cdn.quantummetric.com/qscripts/quantum-wu.js:112
[  162713ms] [WARNING] [OPTIMIZELY] - WARN  2026-04-11T07:36:45.853Z OPTIMIZELY: Not tracking user b8e2e2e7-545c-4d67-b8df-e5ba67cf879f. @ https://cdn.quantummetric.com/qscripts/quantum-wu.js:112
[  162751ms] [INFO] [OPTIMIZELY] - INFO  2026-04-11T07:36:45.891Z DECISION_SERVICE: Audiences for rule Everyone Else collectively evaluated to TRUE. @ https://cdn.quantummetric.com/qscripts/quantum-wu.js:112
[  162752ms] [INFO] [OPTIMIZELY] - INFO  2026-04-11T07:36:45.892Z OPTIMIZELY: Feature forget_password_mfa is not enabled for user b8e2e2e7-545c-4d67-b8df-e5ba67cf879f. @ https://cdn.quantummetric.com/qscripts/quantum-wu.js:112
[  162752ms] [WARNING] [OPTIMIZELY] - WARN  2026-04-11T07:36:45.893Z OPTIMIZELY: Event key default-rollout-360670-451731670190945 is not in datafile. @ https://cdn.quantummetric.com/qscripts/quantum-wu.js:112
[  162753ms] [WARNING] [OPTIMIZELY] - WARN  2026-04-11T07:36:45.893Z OPTIMIZELY: Not tracking user b8e2e2e7-545c-4d67-b8df-e5ba67cf879f. @ https://cdn.quantummetric.com/qscripts/quantum-wu.js:112
[  164653ms] [INFO] [OPTIMIZELY] - INFO  2026-04-11T07:36:47.793Z DECISION_SERVICE: Audiences for rule Everyone Else collectively evaluated to TRUE. @ https://cdn.quantummetric.com/qscripts/quantum-wu.js:112
[  164653ms] [INFO] [OPTIMIZELY] - INFO  2026-04-11T07:36:47.794Z OPTIMIZELY: Feature forget_password_mfa is not enabled for user b8e2e2e7-545c-4d67-b8df-e5ba67cf879f. @ https://cdn.quantummetric.com/qscripts/quantum-wu.js:112
[  164653ms] [WARNING] [OPTIMIZELY] - WARN  2026-04-11T07:36:47.794Z OPTIMIZELY: Event key default-rollout-360670-451731670190945 is not in datafile. @ https://cdn.quantummetric.com/qscripts/quantum-wu.js:112
[  164654ms] [WARNING] [OPTIMIZELY] - WARN  2026-04-11T07:36:47.794Z OPTIMIZELY: Not tracking user b8e2e2e7-545c-4d67-b8df-e5ba67cf879f. @ https://cdn.quantummetric.com/qscripts/quantum-wu.js:112
[  164948ms] [LOG] %c2026-04-11T07:36:48.088Z LOG [main.c72568e3234b953d.js:1:349520] color:gray hadoopAnalyticService Response- {status: OK} @ https://cdn.quantummetric.com/qscripts/quantum-wu.js:112
[  164948ms] [LOG] %c2026-04-11T07:36:48.088Z LOG [main.c72568e3234b953d.js:1:224606] color:gray Hadoop Analytic api post done... @ https://cdn.quantummetric.com/qscripts/quantum-wu.js:112
[  165111ms] [ERROR] {} @ https://cdn.quantummetric.com/qscripts/quantum-wu.js:112
[  165140ms] [INFO] [OPTIMIZELY] - INFO  2026-04-11T07:36:48.280Z DECISION_SERVICE: Audiences for rule Everyone Else collectively evaluated to TRUE. @ https://cdn.quantummetric.com/qscripts/quantum-wu.js:112
[  165141ms] [INFO] [OPTIMIZELY] - INFO  2026-04-11T07:36:48.281Z OPTIMIZELY: Feature forget_password_mfa is not enabled for user b8e2e2e7-545c-4d67-b8df-e5ba67cf879f. @ https://cdn.quantummetric.com/qscripts/quantum-wu.js:112
[  165141ms] [WARNING] [OPTIMIZELY] - WARN  2026-04-11T07:36:48.281Z OPTIMIZELY: Event key default-rollout-360670-451731670190945 is not in datafile. @ https://cdn.quantummetric.com/qscripts/quantum-wu.js:112
[  165141ms] [WARNING] [OPTIMIZELY] - WARN  2026-04-11T07:36:48.282Z OPTIMIZELY: Not tracking user b8e2e2e7-545c-4d67-b8df-e5ba67cf879f. @ https://cdn.quantummetric.com/qscripts/quantum-wu.js:112
[  165260ms] [INFO] [OPTIMIZELY] - INFO  2026-04-11T07:36:48.401Z DECISION_SERVICE: Audiences for rule Everyone Else collectively evaluated to TRUE. @ https://cdn.quantummetric.com/qscripts/quantum-wu.js:112
[  165261ms] [INFO] [OPTIMIZELY] - INFO  2026-04-11T07:36:48.401Z OPTIMIZELY: Feature forget_password_mfa is not enabled for user b8e2e2e7-545c-4d67-b8df-e5ba67cf879f. @ https://cdn.quantummetric.com/qscripts/quantum-wu.js:112
[  165261ms] [WARNING] [OPTIMIZELY] - WARN  2026-04-11T07:36:48.401Z OPTIMIZELY: Event key default-rollout-360670-451731670190945 is not in datafile. @ https://cdn.quantummetric.com/qscripts/quantum-wu.js:112
[  165261ms] [WARNING] [OPTIMIZELY] - WARN  2026-04-11T07:36:48.402Z OPTIMIZELY: Not tracking user b8e2e2e7-545c-4d67-b8df-e5ba67cf879f. @ https://cdn.quantummetric.com/qscripts/quantum-wu.js:112
[  165362ms] [ERROR] {} @ https://cdn.quantummetric.com/qscripts/quantum-wu.js:112
[  165371ms] [INFO] [OPTIMIZELY] - INFO  2026-04-11T07:36:48.512Z DECISION_SERVICE: Audiences for rule Everyone Else collectively evaluated to TRUE. @ https://cdn.quantummetric.com/qscripts/quantum-wu.js:112
[  165372ms] [INFO] [OPTIMIZELY] - INFO  2026-04-11T07:36:48.512Z OPTIMIZELY: Feature forget_password_mfa is not enabled for user b8e2e2e7-545c-4d67-b8df-e5ba67cf879f. @ https://cdn.quantummetric.com/qscripts/quantum-wu.js:112
[  165372ms] [WARNING] [OPTIMIZELY] - WARN  2026-04-11T07:36:48.513Z OPTIMIZELY: Event key default-rollout-360670-451731670190945 is not in datafile. @ https://cdn.quantummetric.com/qscripts/quantum-wu.js:112
[  165372ms] [WARNING] [OPTIMIZELY] - WARN  2026-04-11T07:36:48.513Z OPTIMIZELY: Not tracking user b8e2e2e7-545c-4d67-b8df-e5ba67cf879f. @ https://cdn.quantummetric.com/qscripts/quantum-wu.js:112
[  165696ms] [WARNING] [TikTok Pixel] - Duplicate Pixel ID
Issue: The pixel ID is duplicate. This could impact the pixel data accuracy.
Suggestion: Please double check and delete any unnecessary pixel code. @ https://cdn.quantummetric.com/qscripts/quantum-wu.js:112
[  166165ms] [INFO] [OPTIMIZELY] - INFO  2026-04-11T07:36:49.306Z DECISION_SERVICE: Audiences for rule Everyone Else collectively evaluated to TRUE. @ https://cdn.quantummetric.com/qscripts/quantum-wu.js:112
[  166165ms] [INFO] [OPTIMIZELY] - INFO  2026-04-11T07:36:49.306Z OPTIMIZELY: Feature forget_password_mfa is not enabled for user b8e2e2e7-545c-4d67-b8df-e5ba67cf879f. @ https://cdn.quantummetric.com/qscripts/quantum-wu.js:112
[  166166ms] [WARNING] [OPTIMIZELY] - WARN  2026-04-11T07:36:49.306Z OPTIMIZELY: Event key default-rollout-360670-451731670190945 is not in datafile. @ https://cdn.quantummetric.com/qscripts/quantum-wu.js:112
[  166166ms] [WARNING] [OPTIMIZELY] - WARN  2026-04-11T07:36:49.306Z OPTIMIZELY: Not tracking user b8e2e2e7-545c-4d67-b8df-e5ba67cf879f. @ https://cdn.quantummetric.com/qscripts/quantum-wu.js:112
[  166509ms] [WARNING] [TikTok Pixel] - Missing 'content_id' paramter
Issue: The 'content_id' parameter isn't being received. This is required for Video Shopping Ads (VSA).
Suggestion: Include the 'content_id' parameter in your source code. This is required for Video Shopping Ads (VSA). See https://ads.tiktok.com/help/article/standard-events-parameters?redirected=2 for more information. @ https://cdn.quantummetric.com/qscripts/quantum-wu.js:112
[  166509ms] [WARNING] [TikTok Pixel] - Invalid content type
Issue: The content type for one or more of your events is not valid. Content type must be either "product", "product_group", "destination", "hotel", "flight" or "vehicle".
Suggestion: Go to your source code and update the content type. See https://ads.tiktok.com/help/article/standard-events-parameters?redirected=2 for more information. @ https://cdn.quantummetric.com/qscripts/quantum-wu.js:112
[  166731ms] [INFO] [OPTIMIZELY] - INFO  2026-04-11T07:36:49.871Z DECISION_SERVICE: Audiences for rule Everyone Else collectively evaluated to TRUE. @ https://cdn.quantummetric.com/qscripts/quantum-wu.js:112
[  166731ms] [INFO] [OPTIMIZELY] - INFO  2026-04-11T07:36:49.872Z OPTIMIZELY: Feature forget_password_mfa is not enabled for user b8e2e2e7-545c-4d67-b8df-e5ba67cf879f. @ https://cdn.quantummetric.com/qscripts/quantum-wu.js:112
[  166731ms] [WARNING] [OPTIMIZELY] - WARN  2026-04-11T07:36:49.872Z OPTIMIZELY: Event key default-rollout-360670-451731670190945 is not in datafile. @ https://cdn.quantummetric.com/qscripts/quantum-wu.js:112
[  166732ms] [WARNING] [OPTIMIZELY] - WARN  2026-04-11T07:36:49.872Z OPTIMIZELY: Not tracking user b8e2e2e7-545c-4d67-b8df-e5ba67cf879f. @ https://cdn.quantummetric.com/qscripts/quantum-wu.js:112
[  166807ms] [LOG] %c2026-04-11T07:36:49.947Z LOG [main.c72568e3234b953d.js:1:2407227] color:gray ...pricing api post done... @ https://cdn.quantummetric.com/qscripts/quantum-wu.js:112
[  167546ms] [INFO] [OPTIMIZELY] - INFO  2026-04-11T07:36:50.687Z DECISION_SERVICE: Audiences for rule Everyone Else collectively evaluated to TRUE. @ https://cdn.quantummetric.com/qscripts/quantum-wu.js:112
[  167547ms] [INFO] [OPTIMIZELY] - INFO  2026-04-11T07:36:50.687Z OPTIMIZELY: Feature forget_password_mfa is not enabled for user b8e2e2e7-545c-4d67-b8df-e5ba67cf879f. @ https://cdn.quantummetric.com/qscripts/quantum-wu.js:112
[  167547ms] [WARNING] [OPTIMIZELY] - WARN  2026-04-11T07:36:50.687Z OPTIMIZELY: Event key default-rollout-360670-451731670190945 is not in datafile. @ https://cdn.quantummetric.com/qscripts/quantum-wu.js:112
[  167547ms] [WARNING] [OPTIMIZELY] - WARN  2026-04-11T07:36:50.687Z OPTIMIZELY: Not tracking user b8e2e2e7-545c-4d67-b8df-e5ba67cf879f. @ https://cdn.quantummetric.com/qscripts/quantum-wu.js:112
[  167564ms] [LOG] -------------R3 AEP Web SDK page load fired------------- @ https://cdn.quantummetric.com/qscripts/quantum-wu.js:112
[  167684ms] [INFO] [OPTIMIZELY] - INFO  2026-04-11T07:36:50.825Z DECISION_SERVICE: Audiences for rule Everyone Else collectively evaluated to TRUE. @ https://cdn.quantummetric.com/qscripts/quantum-wu.js:112
[  167685ms] [INFO] [OPTIMIZELY] - INFO  2026-04-11T07:36:50.825Z OPTIMIZELY: Feature forget_password_mfa is not enabled for user b8e2e2e7-545c-4d67-b8df-e5ba67cf879f. @ https://cdn.quantummetric.com/qscripts/quantum-wu.js:112
[  167685ms] [WARNING] [OPTIMIZELY] - WARN  2026-04-11T07:36:50.825Z OPTIMIZELY: Event key default-rollout-360670-451731670190945 is not in datafile. @ https://cdn.quantummetric.com/qscripts/quantum-wu.js:112
[  167685ms] [WARNING] [OPTIMIZELY] - WARN  2026-04-11T07:36:50.825Z OPTIMIZELY: Not tracking user b8e2e2e7-545c-4d67-b8df-e5ba67cf879f. @ https://cdn.quantummetric.com/qscripts/quantum-wu.js:112
[  167846ms] [INFO] [OPTIMIZELY] - INFO  2026-04-11T07:36:50.986Z DECISION_SERVICE: Audiences for rule Everyone Else collectively evaluated to TRUE. @ https://cdn.quantummetric.com/qscripts/quantum-wu.js:112
[  167846ms] [INFO] [OPTIMIZELY] - INFO  2026-04-11T07:36:50.986Z OPTIMIZELY: Feature forget_password_mfa is not enabled for user b8e2e2e7-545c-4d67-b8df-e5ba67cf879f. @ https://cdn.quantummetric.com/qscripts/quantum-wu.js:112
[  167846ms] [WARNING] [OPTIMIZELY] - WARN  2026-04-11T07:36:50.986Z OPTIMIZELY: Event key default-rollout-360670-451731670190945 is not in datafile. @ https://cdn.quantummetric.com/qscripts/quantum-wu.js:112
[  167846ms] [WARNING] [OPTIMIZELY] - WARN  2026-04-11T07:36:50.987Z OPTIMIZELY: Not tracking user b8e2e2e7-545c-4d67-b8df-e5ba67cf879f. @ https://cdn.quantummetric.com/qscripts/quantum-wu.js:112
[  167983ms] [LOG] Inside initialization @ https://cdn.quantummetric.com/qscripts/quantum-wu.js:112
[  168031ms] [ERROR] Attestation check for Attribution Reporting on https://www.facebook.com failed. @ https://www.westernunion.com/jp/ja/web/receiver:0
[  168114ms] [INFO] Pinterest Tag Error: 'load' command was called multiple times.  Previously for tag id '%s', now for tag id '%s'. 2614009158756 2614009158756 @ https://cdn.quantummetric.com/qscripts/quantum-wu.js:112
[  168150ms] [LOG] Hello from One Trust Cookie Consent Loop[object Object] @ https://cdn.quantummetric.com/qscripts/quantum-wu.js:112
[  168403ms] [ERROR] Attestation check for Attribution Reporting on https://www.facebook.com failed. @ https://www.westernunion.com/jp/ja/web/receiver:0
[  168412ms] [WARNING] [TikTok Pixel] - Duplicate Pixel ID
Issue: The pixel ID is duplicate. This could impact the pixel data accuracy.
Suggestion: Please double check and delete any unnecessary pixel code. @ https://cdn.quantummetric.com/qscripts/quantum-wu.js:112
[  169080ms] [LOG] --------------R3 AEP Web SDK track link click fired----------- @ https://cdn.quantummetric.com/qscripts/quantum-wu.js:112
[  169110ms] [INFO] [OPTIMIZELY] - INFO  2026-04-11T07:36:52.250Z DECISION_SERVICE: Audiences for rule Everyone Else collectively evaluated to TRUE. @ https://cdn.quantummetric.com/qscripts/quantum-wu.js:112
[  169110ms] [INFO] [OPTIMIZELY] - INFO  2026-04-11T07:36:52.250Z OPTIMIZELY: Feature forget_password_mfa is not enabled for user b8e2e2e7-545c-4d67-b8df-e5ba67cf879f. @ https://cdn.quantummetric.com/qscripts/quantum-wu.js:112
[  169110ms] [WARNING] [OPTIMIZELY] - WARN  2026-04-11T07:36:52.250Z OPTIMIZELY: Event key default-rollout-360670-451731670190945 is not in datafile. @ https://cdn.quantummetric.com/qscripts/quantum-wu.js:112
[  169110ms] [WARNING] [OPTIMIZELY] - WARN  2026-04-11T07:36:52.251Z OPTIMIZELY: Not tracking user b8e2e2e7-545c-4d67-b8df-e5ba67cf879f. @ https://cdn.quantummetric.com/qscripts/quantum-wu.js:112
[  169146ms] [LOG] -------------R3 AEP Web SDK page load fired------------- @ https://cdn.quantummetric.com/qscripts/quantum-wu.js:112
[  169200ms] [INFO] Pinterest Tag Error: 'load' command was called multiple times.  Previously for tag id '%s', now for tag id '%s'. 2614009158756 2614009158756 @ https://cdn.quantummetric.com/qscripts/quantum-wu.js:112
[  169233ms] [LOG] Hello from One Trust Cookie Consent Loop[object Object] @ https://cdn.quantummetric.com/qscripts/quantum-wu.js:112
[  169381ms] [ERROR] Attestation check for Attribution Reporting on https://www.facebook.com failed. @ https://www.westernunion.com/jp/ja/web/receiver:0
[  169417ms] [WARNING] [TikTok Pixel] - Duplicate Pixel ID
Issue: The pixel ID is duplicate. This could impact the pixel data accuracy.
Suggestion: Please double check and delete any unnecessary pixel code. @ https://cdn.quantummetric.com/qscripts/quantum-wu.js:112
[  169930ms] [INFO] [OPTIMIZELY] - INFO  2026-04-11T07:36:53.071Z DECISION_SERVICE: Audiences for rule Everyone Else collectively evaluated to TRUE. @ https://cdn.quantummetric.com/qscripts/quantum-wu.js:112
[  169930ms] [INFO] [OPTIMIZELY] - INFO  2026-04-11T07:36:53.071Z OPTIMIZELY: Feature forget_password_mfa is not enabled for user b8e2e2e7-545c-4d67-b8df-e5ba67cf879f. @ https://cdn.quantummetric.com/qscripts/quantum-wu.js:112
[  169931ms] [WARNING] [OPTIMIZELY] - WARN  2026-04-11T07:36:53.071Z OPTIMIZELY: Event key default-rollout-360670-451731670190945 is not in datafile. @ https://cdn.quantummetric.com/qscripts/quantum-wu.js:112
[  169931ms] [WARNING] [OPTIMIZELY] - WARN  2026-04-11T07:36:53.071Z OPTIMIZELY: Not tracking user b8e2e2e7-545c-4d67-b8df-e5ba67cf879f. @ https://cdn.quantummetric.com/qscripts/quantum-wu.js:112
[  179090ms] [INFO] [OPTIMIZELY] - INFO  2026-04-11T07:37:02.231Z DECISION_SERVICE: Audiences for rule Everyone Else collectively evaluated to TRUE. @ https://cdn.quantummetric.com/qscripts/quantum-wu.js:112
[  179091ms] [INFO] [OPTIMIZELY] - INFO  2026-04-11T07:37:02.231Z OPTIMIZELY: Feature forget_password_mfa is not enabled for user b8e2e2e7-545c-4d67-b8df-e5ba67cf879f. @ https://cdn.quantummetric.com/qscripts/quantum-wu.js:112
[  179091ms] [WARNING] [OPTIMIZELY] - WARN  2026-04-11T07:37:02.232Z OPTIMIZELY: Event key default-rollout-360670-451731670190945 is not in datafile. @ https://cdn.quantummetric.com/qscripts/quantum-wu.js:112
[  179091ms] [WARNING] [OPTIMIZELY] - WARN  2026-04-11T07:37:02.232Z OPTIMIZELY: Not tracking user b8e2e2e7-545c-4d67-b8df-e5ba67cf879f. @ https://cdn.quantummetric.com/qscripts/quantum-wu.js:112
[  193542ms] [LOG] --------------R3 AEP Web SDK track link click fired----------- @ https://cdn.quantummetric.com/qscripts/quantum-wu.js:112
[  195015ms] [INFO] [OPTIMIZELY] - INFO  2026-04-11T07:37:18.155Z DECISION_SERVICE: Audiences for rule Everyone Else collectively evaluated to TRUE. @ https://cdn.quantummetric.com/qscripts/quantum-wu.js:112
[  195023ms] [INFO] [OPTIMIZELY] - INFO  2026-04-11T07:37:18.164Z OPTIMIZELY: Feature forget_password_mfa is not enabled for user b8e2e2e7-545c-4d67-b8df-e5ba67cf879f. @ https://cdn.quantummetric.com/qscripts/quantum-wu.js:112
[  195024ms] [WARNING] [OPTIMIZELY] - WARN  2026-04-11T07:37:18.164Z OPTIMIZELY: Event key default-rollout-360670-451731670190945 is not in datafile. @ https://cdn.quantummetric.com/qscripts/quantum-wu.js:112
[  195024ms] [WARNING] [OPTIMIZELY] - WARN  2026-04-11T07:37:18.164Z OPTIMIZELY: Not tracking user b8e2e2e7-545c-4d67-b8df-e5ba67cf879f. @ https://cdn.quantummetric.com/qscripts/quantum-wu.js:112
[  195595ms] [INFO] [OPTIMIZELY] - INFO  2026-04-11T07:37:18.735Z DECISION_SERVICE: Audiences for rule Everyone Else collectively evaluated to TRUE. @ https://cdn.quantummetric.com/qscripts/quantum-wu.js:112
[  195595ms] [INFO] [OPTIMIZELY] - INFO  2026-04-11T07:37:18.736Z OPTIMIZELY: Feature forget_password_mfa is not enabled for user b8e2e2e7-545c-4d67-b8df-e5ba67cf879f. @ https://cdn.quantummetric.com/qscripts/quantum-wu.js:112
[  195596ms] [WARNING] [OPTIMIZELY] - WARN  2026-04-11T07:37:18.736Z OPTIMIZELY: Event key default-rollout-360670-451731670190945 is not in datafile. @ https://cdn.quantummetric.com/qscripts/quantum-wu.js:112
[  195596ms] [WARNING] [OPTIMIZELY] - WARN  2026-04-11T07:37:18.736Z OPTIMIZELY: Not tracking user b8e2e2e7-545c-4d67-b8df-e5ba67cf879f. @ https://cdn.quantummetric.com/qscripts/quantum-wu.js:112
[  195797ms] [INFO] [OPTIMIZELY] - INFO  2026-04-11T07:37:18.938Z DECISION_SERVICE: Audiences for rule Everyone Else collectively evaluated to TRUE. @ https://cdn.quantummetric.com/qscripts/quantum-wu.js:112
[  195797ms] [INFO] [OPTIMIZELY] - INFO  2026-04-11T07:37:18.938Z OPTIMIZELY: Feature forget_password_mfa is not enabled for user b8e2e2e7-545c-4d67-b8df-e5ba67cf879f. @ https://cdn.quantummetric.com/qscripts/quantum-wu.js:112
[  195797ms] [WARNING] [OPTIMIZELY] - WARN  2026-04-11T07:37:18.938Z OPTIMIZELY: Event key default-rollout-360670-451731670190945 is not in datafile. @ https://cdn.quantummetric.com/qscripts/quantum-wu.js:112
[  195797ms] [WARNING] [OPTIMIZELY] - WARN  2026-04-11T07:37:18.938Z OPTIMIZELY: Not tracking user b8e2e2e7-545c-4d67-b8df-e5ba67cf879f. @ https://cdn.quantummetric.com/qscripts/quantum-wu.js:112
[  195885ms] [INFO] [OPTIMIZELY] - INFO  2026-04-11T07:37:19.026Z DECISION_SERVICE: Audiences for rule Everyone Else collectively evaluated to TRUE. @ https://cdn.quantummetric.com/qscripts/quantum-wu.js:112
[  195886ms] [INFO] [OPTIMIZELY] - INFO  2026-04-11T07:37:19.026Z OPTIMIZELY: Feature forget_password_mfa is not enabled for user b8e2e2e7-545c-4d67-b8df-e5ba67cf879f. @ https://cdn.quantummetric.com/qscripts/quantum-wu.js:112
[  195886ms] [WARNING] [OPTIMIZELY] - WARN  2026-04-11T07:37:19.026Z OPTIMIZELY: Event key default-rollout-360670-451731670190945 is not in datafile. @ https://cdn.quantummetric.com/qscripts/quantum-wu.js:112
[  195886ms] [WARNING] [OPTIMIZELY] - WARN  2026-04-11T07:37:19.027Z OPTIMIZELY: Not tracking user b8e2e2e7-545c-4d67-b8df-e5ba67cf879f. @ https://cdn.quantummetric.com/qscripts/quantum-wu.js:112
[  196074ms] [INFO] [OPTIMIZELY] - INFO  2026-04-11T07:37:19.215Z DECISION_SERVICE: Audiences for rule Everyone Else collectively evaluated to TRUE. @ https://cdn.quantummetric.com/qscripts/quantum-wu.js:112
[  196075ms] [INFO] [OPTIMIZELY] - INFO  2026-04-11T07:37:19.215Z OPTIMIZELY: Feature forget_password_mfa is not enabled for user b8e2e2e7-545c-4d67-b8df-e5ba67cf879f. @ https://cdn.quantummetric.com/qscripts/quantum-wu.js:112
[  196075ms] [WARNING] [OPTIMIZELY] - WARN  2026-04-11T07:37:19.215Z OPTIMIZELY: Event key default-rollout-360670-451731670190945 is not in datafile. @ https://cdn.quantummetric.com/qscripts/quantum-wu.js:112
[  196075ms] [WARNING] [OPTIMIZELY] - WARN  2026-04-11T07:37:19.215Z OPTIMIZELY: Not tracking user b8e2e2e7-545c-4d67-b8df-e5ba67cf879f. @ https://cdn.quantummetric.com/qscripts/quantum-wu.js:112
[  196088ms] [LOG] [Amplitude] WARNING: Property key "execution_time" with invalid value type nan, ignoring @ https://cdn.quantummetric.com/qscripts/quantum-wu.js:112
[  196182ms] [INFO] [OPTIMIZELY] - INFO  2026-04-11T07:37:19.323Z DECISION_SERVICE: Audiences for rule Everyone Else collectively evaluated to TRUE. @ https://cdn.quantummetric.com/qscripts/quantum-wu.js:112
[  196183ms] [INFO] [OPTIMIZELY] - INFO  2026-04-11T07:37:19.323Z OPTIMIZELY: Feature forget_password_mfa is not enabled for user b8e2e2e7-545c-4d67-b8df-e5ba67cf879f. @ https://cdn.quantummetric.com/qscripts/quantum-wu.js:112
[  196183ms] [WARNING] [OPTIMIZELY] - WARN  2026-04-11T07:37:19.324Z OPTIMIZELY: Event key default-rollout-360670-451731670190945 is not in datafile. @ https://cdn.quantummetric.com/qscripts/quantum-wu.js:112
[  196183ms] [WARNING] [OPTIMIZELY] - WARN  2026-04-11T07:37:19.324Z OPTIMIZELY: Not tracking user b8e2e2e7-545c-4d67-b8df-e5ba67cf879f. @ https://cdn.quantummetric.com/qscripts/quantum-wu.js:112
[  196779ms] [LOG] -------------R3 AEP Web SDK page load fired------------- @ https://cdn.quantummetric.com/qscripts/quantum-wu.js:112
[  196815ms] [ERROR] Attestation check for Attribution Reporting on https://www.facebook.com failed. @ https://www.westernunion.com/jp/ja/web/send-money/start:0
[  197343ms] [INFO] [OPTIMIZELY] - INFO  2026-04-11T07:37:20.483Z DECISION_SERVICE: Audiences for rule Everyone Else collectively evaluated to TRUE. @ https://cdn.quantummetric.com/qscripts/quantum-wu.js:112
[  197343ms] [INFO] [OPTIMIZELY] - INFO  2026-04-11T07:37:20.484Z OPTIMIZELY: Feature forget_password_mfa is not enabled for user b8e2e2e7-545c-4d67-b8df-e5ba67cf879f. @ https://cdn.quantummetric.com/qscripts/quantum-wu.js:112
[  197343ms] [WARNING] [OPTIMIZELY] - WARN  2026-04-11T07:37:20.484Z OPTIMIZELY: Event key default-rollout-360670-451731670190945 is not in datafile. @ https://cdn.quantummetric.com/qscripts/quantum-wu.js:112
[  197344ms] [WARNING] [OPTIMIZELY] - WARN  2026-04-11T07:37:20.484Z OPTIMIZELY: Not tracking user b8e2e2e7-545c-4d67-b8df-e5ba67cf879f. @ https://cdn.quantummetric.com/qscripts/quantum-wu.js:112
[  197561ms] [LOG] %c2026-04-11T07:37:20.701Z LOG [main.c72568e3234b953d.js:1:2407227] color:gray ...pricing api post done... @ https://cdn.quantummetric.com/qscripts/quantum-wu.js:112
[  197975ms] [WARNING] [TikTok Pixel] - Missing 'content_id' paramter
Issue: The 'content_id' parameter isn't being received. This is required for Video Shopping Ads (VSA).
Suggestion: Include the 'content_id' parameter in your source code. This is required for Video Shopping Ads (VSA). See https://ads.tiktok.com/help/article/standard-events-parameters?redirected=2 for more information. @ https://cdn.quantummetric.com/qscripts/quantum-wu.js:112
[  197976ms] [WARNING] [TikTok Pixel] - Invalid content type
Issue: The content type for one or more of your events is not valid. Content type must be either "product", "product_group", "destination", "hotel", "flight" or "vehicle".
Suggestion: Go to your source code and update the content type. See https://ads.tiktok.com/help/article/standard-events-parameters?redirected=2 for more information. @ https://cdn.quantummetric.com/qscripts/quantum-wu.js:112
[  198095ms] [INFO] Pinterest Tag Error: 'load' command was called multiple times.  Previously for tag id '%s', now for tag id '%s'. 2614009158756 2614009158756 @ https://cdn.quantummetric.com/qscripts/quantum-wu.js:112
[  198128ms] [LOG] Hello from One Trust Cookie Consent Loop[object Object] @ https://cdn.quantummetric.com/qscripts/quantum-wu.js:112
[  198600ms] [WARNING] [TikTok Pixel] - Duplicate Pixel ID
Issue: The pixel ID is duplicate. This could impact the pixel data accuracy.
Suggestion: Please double check and delete any unnecessary pixel code. @ https://cdn.quantummetric.com/qscripts/quantum-wu.js:112
[  198640ms] [ERROR] Attestation check for Attribution Reporting on https://www.facebook.com failed. @ https://www.westernunion.com/jp/ja/web/send-money/start:0
[  208086ms] [INFO] [OPTIMIZELY] - INFO  2026-04-11T07:37:31.226Z DECISION_SERVICE: Audiences for rule Everyone Else collectively evaluated to TRUE. @ https://cdn.quantummetric.com/qscripts/quantum-wu.js:112
[  208086ms] [INFO] [OPTIMIZELY] - INFO  2026-04-11T07:37:31.227Z OPTIMIZELY: Feature forget_password_mfa is not enabled for user b8e2e2e7-545c-4d67-b8df-e5ba67cf879f. @ https://cdn.quantummetric.com/qscripts/quantum-wu.js:112
[  208086ms] [WARNING] [OPTIMIZELY] - WARN  2026-04-11T07:37:31.227Z OPTIMIZELY: Event key default-rollout-360670-451731670190945 is not in datafile. @ https://cdn.quantummetric.com/qscripts/quantum-wu.js:112
[  208086ms] [WARNING] [OPTIMIZELY] - WARN  2026-04-11T07:37:31.227Z OPTIMIZELY: Not tracking user b8e2e2e7-545c-4d67-b8df-e5ba67cf879f. @ https://cdn.quantummetric.com/qscripts/quantum-wu.js:112
[  208195ms] [LOG] cntlSMOfundsOut_AG @ https://cdn.quantummetric.com/qscripts/quantum-wu.js:112
[  229056ms] [INFO] [OPTIMIZELY] - INFO  2026-04-11T07:37:52.196Z DECISION_SERVICE: Audiences for rule Everyone Else collectively evaluated to TRUE. @ https://cdn.quantummetric.com/qscripts/quantum-wu.js:112
[  229056ms] [INFO] [OPTIMIZELY] - INFO  2026-04-11T07:37:52.196Z OPTIMIZELY: Feature forget_password_mfa is not enabled for user b8e2e2e7-545c-4d67-b8df-e5ba67cf879f. @ https://cdn.quantummetric.com/qscripts/quantum-wu.js:112
[  229056ms] [WARNING] [OPTIMIZELY] - WARN  2026-04-11T07:37:52.197Z OPTIMIZELY: Event key default-rollout-360670-451731670190945 is not in datafile. @ https://cdn.quantummetric.com/qscripts/quantum-wu.js:112
[  229056ms] [WARNING] [OPTIMIZELY] - WARN  2026-04-11T07:37:52.197Z OPTIMIZELY: Not tracking user b8e2e2e7-545c-4d67-b8df-e5ba67cf879f. @ https://cdn.quantummetric.com/qscripts/quantum-wu.js:112
[  229300ms] [LOG] direct call corridor info initiated @ https://cdn.quantummetric.com/qscripts/quantum-wu.js:112
[  229820ms] [INFO] [OPTIMIZELY] - INFO  2026-04-11T07:37:52.961Z DECISION_SERVICE: Audiences for rule Everyone Else collectively evaluated to TRUE. @ https://cdn.quantummetric.com/qscripts/quantum-wu.js:112
[  229821ms] [INFO] [OPTIMIZELY] - INFO  2026-04-11T07:37:52.961Z OPTIMIZELY: Feature forget_password_mfa is not enabled for user b8e2e2e7-545c-4d67-b8df-e5ba67cf879f. @ https://cdn.quantummetric.com/qscripts/quantum-wu.js:112
[  229821ms] [WARNING] [OPTIMIZELY] - WARN  2026-04-11T07:37:52.961Z OPTIMIZELY: Event key default-rollout-360670-451731670190945 is not in datafile. @ https://cdn.quantummetric.com/qscripts/quantum-wu.js:112
[  229821ms] [WARNING] [OPTIMIZELY] - WARN  2026-04-11T07:37:52.961Z OPTIMIZELY: Not tracking user b8e2e2e7-545c-4d67-b8df-e5ba67cf879f. @ https://cdn.quantummetric.com/qscripts/quantum-wu.js:112
[  230100ms] [LOG] %c2026-04-11T07:37:53.240Z LOG [main.c72568e3234b953d.js:1:2407227] color:gray ...pricing api post done... @ https://cdn.quantummetric.com/qscripts/quantum-wu.js:112
[  292542ms] [LOG] --------------R3 AEP Web SDK track link click fired----------- @ https://cdn.quantummetric.com/qscripts/quantum-wu.js:112
[  293169ms] [INFO] [OPTIMIZELY] - INFO  2026-04-11T07:38:56.310Z DECISION_SERVICE: Audiences for rule Everyone Else collectively evaluated to TRUE. @ https://cdn.quantummetric.com/qscripts/quantum-wu.js:112
[  293173ms] [INFO] [OPTIMIZELY] - INFO  2026-04-11T07:38:56.314Z OPTIMIZELY: Feature forget_password_mfa is not enabled for user b8e2e2e7-545c-4d67-b8df-e5ba67cf879f. @ https://cdn.quantummetric.com/qscripts/quantum-wu.js:112
[  293174ms] [WARNING] [OPTIMIZELY] - WARN  2026-04-11T07:38:56.314Z OPTIMIZELY: Event key default-rollout-360670-451731670190945 is not in datafile. @ https://cdn.quantummetric.com/qscripts/quantum-wu.js:112
[  293174ms] [WARNING] [OPTIMIZELY] - WARN  2026-04-11T07:38:56.314Z OPTIMIZELY: Not tracking user b8e2e2e7-545c-4d67-b8df-e5ba67cf879f. @ https://cdn.quantummetric.com/qscripts/quantum-wu.js:112
[  293848ms] [INFO] [OPTIMIZELY] - INFO  2026-04-11T07:38:56.989Z DECISION_SERVICE: Audiences for rule Everyone Else collectively evaluated to TRUE. @ https://cdn.quantummetric.com/qscripts/quantum-wu.js:112
[  293848ms] [INFO] [OPTIMIZELY] - INFO  2026-04-11T07:38:56.989Z OPTIMIZELY: Feature forget_password_mfa is not enabled for user b8e2e2e7-545c-4d67-b8df-e5ba67cf879f. @ https://cdn.quantummetric.com/qscripts/quantum-wu.js:112
[  293848ms] [WARNING] [OPTIMIZELY] - WARN  2026-04-11T07:38:56.989Z OPTIMIZELY: Event key default-rollout-360670-451731670190945 is not in datafile. @ https://cdn.quantummetric.com/qscripts/quantum-wu.js:112
[  293849ms] [WARNING] [OPTIMIZELY] - WARN  2026-04-11T07:38:56.989Z OPTIMIZELY: Not tracking user b8e2e2e7-545c-4d67-b8df-e5ba67cf879f. @ https://cdn.quantummetric.com/qscripts/quantum-wu.js:112
[  294077ms] [INFO] [OPTIMIZELY] - INFO  2026-04-11T07:38:57.217Z DECISION_SERVICE: Audiences for rule Everyone Else collectively evaluated to TRUE. @ https://cdn.quantummetric.com/qscripts/quantum-wu.js:112
[  294077ms] [INFO] [OPTIMIZELY] - INFO  2026-04-11T07:38:57.218Z OPTIMIZELY: Feature forget_password_mfa is not enabled for user b8e2e2e7-545c-4d67-b8df-e5ba67cf879f. @ https://cdn.quantummetric.com/qscripts/quantum-wu.js:112
[  294078ms] [WARNING] [OPTIMIZELY] - WARN  2026-04-11T07:38:57.218Z OPTIMIZELY: Event key default-rollout-360670-451731670190945 is not in datafile. @ https://cdn.quantummetric.com/qscripts/quantum-wu.js:112
[  294078ms] [WARNING] [OPTIMIZELY] - WARN  2026-04-11T07:38:57.218Z OPTIMIZELY: Not tracking user b8e2e2e7-545c-4d67-b8df-e5ba67cf879f. @ https://cdn.quantummetric.com/qscripts/quantum-wu.js:112
[  294101ms] [LOG] %c2026-04-11T07:38:57.240Z LOG [main.c72568e3234b953d.js:1:349520] color:gray hadoopAnalyticService Response- {status: OK} @ https://cdn.quantummetric.com/qscripts/quantum-wu.js:112
[  294102ms] [LOG] %c2026-04-11T07:38:57.242Z LOG [main.c72568e3234b953d.js:1:224606] color:gray Hadoop Analytic api post done... @ https://cdn.quantummetric.com/qscripts/quantum-wu.js:112
[  295136ms] [ERROR] Attestation check for Attribution Reporting on https://www.facebook.com failed. @ https://www.westernunion.com/jp/ja/web/receiver:0
[  295151ms] [LOG] -------------R3 AEP Web SDK page load fired------------- @ https://cdn.quantummetric.com/qscripts/quantum-wu.js:112
[  295381ms] [LOG] Inside initialization @ https://cdn.quantummetric.com/qscripts/quantum-wu.js:112
[  295513ms] [INFO] Pinterest Tag Error: 'load' command was called multiple times.  Previously for tag id '%s', now for tag id '%s'. 2614009158756 2614009158756 @ https://cdn.quantummetric.com/qscripts/quantum-wu.js:112
[  295553ms] [LOG] Hello from One Trust Cookie Consent Loop[object Object] @ https://cdn.quantummetric.com/qscripts/quantum-wu.js:112
[  295699ms] [ERROR] Attestation check for Attribution Reporting on https://www.facebook.com failed. @ https://www.westernunion.com/jp/ja/web/receiver:0
[  297815ms] [WARNING] [TikTok Pixel] - Duplicate Pixel ID
Issue: The pixel ID is duplicate. This could impact the pixel data accuracy.
Suggestion: Please double check and delete any unnecessary pixel code. @ https://cdn.quantummetric.com/qscripts/quantum-wu.js:112
[  328748ms] [INFO] [OPTIMIZELY] - INFO  2026-04-11T07:39:31.889Z DECISION_SERVICE: Audiences for rule Everyone Else collectively evaluated to TRUE. @ https://cdn.quantummetric.com/qscripts/quantum-wu.js:112
[  328748ms] [INFO] [OPTIMIZELY] - INFO  2026-04-11T07:39:31.889Z OPTIMIZELY: Feature forget_password_mfa is not enabled for user b8e2e2e7-545c-4d67-b8df-e5ba67cf879f. @ https://cdn.quantummetric.com/qscripts/quantum-wu.js:112
[  328748ms] [WARNING] [OPTIMIZELY] - WARN  2026-04-11T07:39:31.889Z OPTIMIZELY: Event key default-rollout-360670-451731670190945 is not in datafile. @ https://cdn.quantummetric.com/qscripts/quantum-wu.js:112
[  328748ms] [WARNING] [OPTIMIZELY] - WARN  2026-04-11T07:39:31.889Z OPTIMIZELY: Not tracking user b8e2e2e7-545c-4d67-b8df-e5ba67cf879f. @ https://cdn.quantummetric.com/qscripts/quantum-wu.js:112
[  329475ms] [INFO] [OPTIMIZELY] - INFO  2026-04-11T07:39:32.615Z DECISION_SERVICE: Audiences for rule Everyone Else collectively evaluated to TRUE. @ https://cdn.quantummetric.com/qscripts/quantum-wu.js:112
[  329475ms] [INFO] [OPTIMIZELY] - INFO  2026-04-11T07:39:32.616Z OPTIMIZELY: Feature forget_password_mfa is not enabled for user b8e2e2e7-545c-4d67-b8df-e5ba67cf879f. @ https://cdn.quantummetric.com/qscripts/quantum-wu.js:112
[  329475ms] [WARNING] [OPTIMIZELY] - WARN  2026-04-11T07:39:32.616Z OPTIMIZELY: Event key default-rollout-360670-451731670190945 is not in datafile. @ https://cdn.quantummetric.com/qscripts/quantum-wu.js:112
[  329475ms] [WARNING] [OPTIMIZELY] - WARN  2026-04-11T07:39:32.616Z OPTIMIZELY: Not tracking user b8e2e2e7-545c-4d67-b8df-e5ba67cf879f. @ https://cdn.quantummetric.com/qscripts/quantum-wu.js:112
[  331016ms] [INFO] [OPTIMIZELY] - INFO  2026-04-11T07:39:34.157Z DECISION_SERVICE: Audiences for rule Everyone Else collectively evaluated to TRUE. @ https://cdn.quantummetric.com/qscripts/quantum-wu.js:112
[  331016ms] [INFO] [OPTIMIZELY] - INFO  2026-04-11T07:39:34.157Z OPTIMIZELY: Feature forget_password_mfa is not enabled for user b8e2e2e7-545c-4d67-b8df-e5ba67cf879f. @ https://cdn.quantummetric.com/qscripts/quantum-wu.js:112
[  331016ms] [WARNING] [OPTIMIZELY] - WARN  2026-04-11T07:39:34.157Z OPTIMIZELY: Event key default-rollout-360670-451731670190945 is not in datafile. @ https://cdn.quantummetric.com/qscripts/quantum-wu.js:112
[  331016ms] [WARNING] [OPTIMIZELY] - WARN  2026-04-11T07:39:34.157Z OPTIMIZELY: Not tracking user b8e2e2e7-545c-4d67-b8df-e5ba67cf879f. @ https://cdn.quantummetric.com/qscripts/quantum-wu.js:112
[  345253ms] [LOG] --------------R3 AEP Web SDK track link click fired----------- @ https://cdn.quantummetric.com/qscripts/quantum-wu.js:112
[  345281ms] [INFO] [OPTIMIZELY] - INFO  2026-04-11T07:39:48.421Z DECISION_SERVICE: Audiences for rule Everyone Else collectively evaluated to TRUE. @ https://cdn.quantummetric.com/qscripts/quantum-wu.js:112
[  345281ms] [INFO] [OPTIMIZELY] - INFO  2026-04-11T07:39:48.421Z OPTIMIZELY: Feature forget_password_mfa is not enabled for user b8e2e2e7-545c-4d67-b8df-e5ba67cf879f. @ https://cdn.quantummetric.com/qscripts/quantum-wu.js:112
[  345281ms] [WARNING] [OPTIMIZELY] - WARN  2026-04-11T07:39:48.422Z OPTIMIZELY: Event key default-rollout-360670-451731670190945 is not in datafile. @ https://cdn.quantummetric.com/qscripts/quantum-wu.js:112
[  345281ms] [WARNING] [OPTIMIZELY] - WARN  2026-04-11T07:39:48.422Z OPTIMIZELY: Not tracking user b8e2e2e7-545c-4d67-b8df-e5ba67cf879f. @ https://cdn.quantummetric.com/qscripts/quantum-wu.js:112
[  345334ms] [INFO] [OPTIMIZELY] - INFO  2026-04-11T07:39:48.475Z DECISION_SERVICE: Audiences for rule Everyone Else collectively evaluated to TRUE. @ https://cdn.quantummetric.com/qscripts/quantum-wu.js:112
[  345335ms] [INFO] [OPTIMIZELY] - INFO  2026-04-11T07:39:48.475Z OPTIMIZELY: Feature forget_password_mfa is not enabled for user b8e2e2e7-545c-4d67-b8df-e5ba67cf879f. @ https://cdn.quantummetric.com/qscripts/quantum-wu.js:112
[  345335ms] [WARNING] [OPTIMIZELY] - WARN  2026-04-11T07:39:48.475Z OPTIMIZELY: Event key default-rollout-360670-451731670190945 is not in datafile. @ https://cdn.quantummetric.com/qscripts/quantum-wu.js:112
[  345335ms] [WARNING] [OPTIMIZELY] - WARN  2026-04-11T07:39:48.475Z OPTIMIZELY: Not tracking user b8e2e2e7-545c-4d67-b8df-e5ba67cf879f. @ https://cdn.quantummetric.com/qscripts/quantum-wu.js:112
[  346781ms] [INFO] [OPTIMIZELY] - INFO  2026-04-11T07:39:49.921Z DECISION_SERVICE: Audiences for rule Everyone Else collectively evaluated to TRUE. @ https://cdn.quantummetric.com/qscripts/quantum-wu.js:112
[  346782ms] [INFO] [OPTIMIZELY] - INFO  2026-04-11T07:39:49.922Z OPTIMIZELY: Feature forget_password_mfa is not enabled for user b8e2e2e7-545c-4d67-b8df-e5ba67cf879f. @ https://cdn.quantummetric.com/qscripts/quantum-wu.js:112
[  346782ms] [WARNING] [OPTIMIZELY] - WARN  2026-04-11T07:39:49.922Z OPTIMIZELY: Event key default-rollout-360670-451731670190945 is not in datafile. @ https://cdn.quantummetric.com/qscripts/quantum-wu.js:112
[  346782ms] [WARNING] [OPTIMIZELY] - WARN  2026-04-11T07:39:49.922Z OPTIMIZELY: Not tracking user b8e2e2e7-545c-4d67-b8df-e5ba67cf879f. @ https://cdn.quantummetric.com/qscripts/quantum-wu.js:112
[  347347ms] [INFO] [OPTIMIZELY] - INFO  2026-04-11T07:39:50.487Z DECISION_SERVICE: Audiences for rule Everyone Else collectively evaluated to TRUE. @ https://cdn.quantummetric.com/qscripts/quantum-wu.js:112
[  347347ms] [INFO] [OPTIMIZELY] - INFO  2026-04-11T07:39:50.488Z OPTIMIZELY: Feature forget_password_mfa is not enabled for user b8e2e2e7-545c-4d67-b8df-e5ba67cf879f. @ https://cdn.quantummetric.com/qscripts/quantum-wu.js:112
[  347348ms] [WARNING] [OPTIMIZELY] - WARN  2026-04-11T07:39:50.488Z OPTIMIZELY: Event key default-rollout-360670-451731670190945 is not in datafile. @ https://cdn.quantummetric.com/qscripts/quantum-wu.js:112
[  347348ms] [WARNING] [OPTIMIZELY] - WARN  2026-04-11T07:39:50.488Z OPTIMIZELY: Not tracking user b8e2e2e7-545c-4d67-b8df-e5ba67cf879f. @ https://cdn.quantummetric.com/qscripts/quantum-wu.js:112
[  347475ms] [LOG] Inside initialization @ https://cdn.quantummetric.com/qscripts/quantum-wu.js:112
[  354665ms] [INFO] [OPTIMIZELY] - INFO  2026-04-11T07:39:57.806Z DECISION_SERVICE: Audiences for rule Everyone Else collectively evaluated to TRUE. @ https://cdn.quantummetric.com/qscripts/quantum-wu.js:112
[  354666ms] [INFO] [OPTIMIZELY] - INFO  2026-04-11T07:39:57.806Z OPTIMIZELY: Feature forget_password_mfa is not enabled for user b8e2e2e7-545c-4d67-b8df-e5ba67cf879f. @ https://cdn.quantummetric.com/qscripts/quantum-wu.js:112
[  354666ms] [WARNING] [OPTIMIZELY] - WARN  2026-04-11T07:39:57.807Z OPTIMIZELY: Event key default-rollout-360670-451731670190945 is not in datafile. @ https://cdn.quantummetric.com/qscripts/quantum-wu.js:112
[  354666ms] [WARNING] [OPTIMIZELY] - WARN  2026-04-11T07:39:57.807Z OPTIMIZELY: Not tracking user b8e2e2e7-545c-4d67-b8df-e5ba67cf879f. @ https://cdn.quantummetric.com/qscripts/quantum-wu.js:112
[  355299ms] [LOG] %c2026-04-11T07:39:58.440Z LOG [main.c72568e3234b953d.js:1:349520] color:gray hadoopAnalyticService Response- {status: OK} @ https://cdn.quantummetric.com/qscripts/quantum-wu.js:112
[  355300ms] [LOG] %c2026-04-11T07:39:58.440Z LOG [main.c72568e3234b953d.js:1:224606] color:gray Hadoop Analytic api post done... @ https://cdn.quantummetric.com/qscripts/quantum-wu.js:112
[  355304ms] [LOG] %c2026-04-11T07:39:58.445Z LOG [main.c72568e3234b953d.js:1:349520] color:gray hadoopAnalyticService Response- {status: OK} @ https://cdn.quantummetric.com/qscripts/quantum-wu.js:112
[  355305ms] [LOG] %c2026-04-11T07:39:58.445Z LOG [main.c72568e3234b953d.js:1:224606] color:gray Hadoop Analytic api post done... @ https://cdn.quantummetric.com/qscripts/quantum-wu.js:112
[  356042ms] [LOG] otDomains read from Switches {AT: a70a77d9-eefc-486e-b0a1-138d47aa9456, BE: b2012572-b72d-41b8-84d8-9a1bfe437eb3, BG: c3fbe9d1-fcdd-4be8-a3fc-35923b217c2a, BY: 9d2bb1f9-d2f2-4255-a81b-7f25b8cbb811, CH: 6f48cac4-9db0-4610-8040-07891eeabb84} @ https://www.westernunion.com/content/wucom/dist/101.0.1.a74579e1/js/util.js:343
[  356071ms] [LOG] ampliturerer bi @ https://www.westernunion.com/content/wucom/dist/101.0.1.a74579e1/js/util.js:599
[  356099ms] [LOG] [Amplitude] Success: loaded SDK @ https://www.westernunion.com/content/wucom/dist/101.0.1.a74579e1/js/util.js:610
[  356170ms] [INFO] analyticsObject is not defined @ https://cdn.quantummetric.com/qscripts/quantum-wu.js:112
[  356174ms] [INFO] analyticsObject is not defined @ https://cdn.quantummetric.com/qscripts/quantum-wu.js:112
[  356454ms] [LOG] [Promise, Promise, Promise, Promise, Promise, Promise] @ https://cdn.quantummetric.com/qscripts/quantum-wu.js:112
[  357127ms] [ERROR] Failed to load resource: net::ERR_FAILED @ https://api-westernunion.nd.nudatasecurity.com/2.2/w/w-624239/sync/js/:0
[  357132ms] [WARNING] QM: API Listener caught exception: SyntaxError: Unexpected token 's', "success" is not valid JSON @ https://cdn.quantummetric.com/qscripts/quantum-wu.js:434
[  357138ms] [LOG] globalCountryComplainceData: {GB: Object, MY: Object, US: Object, BR: Object, FR: Object} @ https://cdn.quantummetric.com/qscripts/quantum-wu.js:112
[  357207ms] [LOG] globalcomponents: {dcaasinfo: Object, global-components: Object} @ https://cdn.quantummetric.com/qscripts/quantum-wu.js:112
[  357209ms] [LOG] /content/wucom/dist/101.0.1.a74579e1/css/responsive_css.min.css CSS has loaded! @ https://cdn.quantummetric.com/qscripts/quantum-wu.js:112
[  357246ms] [LOG] FeatureFlag: {feature_flag_status_list: Array(365), feature_flag_value_list: Array(39)} @ https://cdn.quantummetric.com/qscripts/quantum-wu.js:112
[  357248ms] [LOG] globalcomponentsProviderService @ https://cdn.quantummetric.com/qscripts/quantum-wu.js:112
[  357249ms] [LOG] globalcomponentsProviderService @ https://cdn.quantummetric.com/qscripts/quantum-wu.js:112
[  357400ms] [LOG] -------------R3 AEP Web SDK page load fired------------- @ https://cdn.quantummetric.com/qscripts/quantum-wu.js:112
[  357702ms] [LOG] nr @ https://cdn.quantummetric.com/qscripts/quantum-wu.js:112
[  357799ms] [LOG] Hello from One Trust Cookie Consent Loop[object Object] @ https://cdn.quantummetric.com/qscripts/quantum-wu.js:112
[  357820ms] [LOG] $scope.headerData {change_language_title: 国を変更, nav_mobile_tab2_url: /content/wucom/base/us/en/profile, isNoIndexNoFollow: true, home_page_login_form_amplitude_id: button-login-CTA, nav_tab1_linkUrl: /jp/ja/send-money/app/start} @ https://cdn.quantummetric.com/qscripts/quantum-wu.js:112
[  357822ms] [LOG] $state.current.name >>>>  review @ https://cdn.quantummetric.com/qscripts/quantum-wu.js:112
[  358902ms] [ERROR] Attestation check for Attribution Reporting on https://www.facebook.com failed. @ https://www.westernunion.com/jp/ja/send-money/app/review:0
[  358913ms] [ERROR] Attestation check for Attribution Reporting on https://www.facebook.com failed. @ https://www.westernunion.com/jp/ja/send-money/app/review:0
[  359589ms] [ERROR] Failed to load resource: the server responded with a status of 403 () @ https://www.westernunion.com/wubot/lex-web-ui-loader.m.js:0
[  359593ms] [LOG] hincludes.html ===> initializing mparticle @ https://cdn.quantummetric.com/qscripts/quantum-wu.js:112
[  359593ms] [LOG] hincludes.html ===> after initializing mparticle @ https://cdn.quantummetric.com/qscripts/quantum-wu.js:112
[  359611ms] [WARNING] Identity value for 'email' is falsy (). This value will be removed from the request. @ https://cdn.quantummetric.com/qscripts/quantum-wu.js:112
[  359810ms] [LOG] hincludes.html ===> Inside callback function  @ https://cdn.quantummetric.com/qscripts/quantum-wu.js:112
[  359839ms] [LOG] -------------R3 AEP Web SDK page load fired------------- @ https://cdn.quantummetric.com/qscripts/quantum-wu.js:112
[  359888ms] [WARNING] [Meta Pixel] - Duplicate Pixel ID: 1131643220187654. @ https://cdn.quantummetric.com/qscripts/quantum-wu.js:112
[  359901ms] [INFO] Pinterest Tag Error: 'load' command was called multiple times.  Previously for tag id '%s', now for tag id '%s'. 2614009158756 2614009158756 @ https://cdn.quantummetric.com/qscripts/quantum-wu.js:112
[  359951ms] [LOG] Hello from One Trust Cookie Consent Loop[object Object] @ https://cdn.quantummetric.com/qscripts/quantum-wu.js:112
[  360038ms] [ERROR] Attestation check for Attribution Reporting on https://www.facebook.com failed. @ https://www.westernunion.com/jp/ja/send-money/app/review:0
[  360121ms] [WARNING] [TikTok Pixel] - Duplicate Pixel ID
Issue: The pixel ID is duplicate. This could impact the pixel data accuracy.
Suggestion: Please double check and delete any unnecessary pixel code. @ https://cdn.quantummetric.com/qscripts/quantum-wu.js:112
[  460959ms] [LOG] --------------R3 AEP Web SDK track link click fired----------- @ https://cdn.quantummetric.com/qscripts/quantum-wu.js:112
[  472887ms] [LOG] --------------R3 AEP Web SDK track link click fired----------- @ https://cdn.quantummetric.com/qscripts/quantum-wu.js:112
[  472933ms] [ERROR] Access to XMLHttpRequest at 'javascript:void(0);' from origin 'https://www.westernunion.com' has been blocked by CORS policy: Cross origin requests are only supported for protocol schemes: chrome, chrome-extension, chrome-untrusted, data, http, https, isolated-app. @ https://www.westernunion.com/jp/ja/send-money/app/review:0
[  472935ms] [ERROR] Failed to load resource: net::ERR_FAILED @ javascript:void(0);:0
[  475955ms] [WARNING] <link rel=preload> must have a valid `as` value @ https://www.westernunion.com/jp/ja/web/account/history:13
[  475955ms] [WARNING] <link rel=preload> must have a valid `as` value @ https://www.westernunion.com/jp/ja/web/account/history:13
[  476024ms] [WARNING] <link rel=preload> must have a valid `as` value @ https://www.westernunion.com/jp/ja/web/account/history:74
[  476853ms] [ERROR] Attestation check for Attribution Reporting on https://www.facebook.com failed. @ https://www.westernunion.com/jp/ja/web/account/history:0
[  477326ms] [WARNING] [OPTIMIZELY] - WARN  2026-04-11T07:42:00.466Z Invalid eventBatchSize undefined, defaulting to 10 @ https://www.westernunion.com/content/wucom/dist/ng9staticassets/R260351-f264f8dc93/vendor.346574b18bfbf331.js:0
[  477326ms] [WARNING] [OPTIMIZELY] - WARN  2026-04-11T07:42:00.466Z Invalid eventFlushInterval undefined, defaulting to 1000 @ https://www.westernunion.com/content/wucom/dist/ng9staticassets/R260351-f264f8dc93/vendor.346574b18bfbf331.js:0
[  477328ms] [INFO] [OPTIMIZELY] - INFO  2026-04-11T07:42:00.468Z PROJECT_CONFIG: Skipping JSON schema validation. @ https://www.westernunion.com/content/wucom/dist/ng9staticassets/R260351-f264f8dc93/vendor.346574b18bfbf331.js:0
[  477329ms] [INFO] [OPTIMIZELY] - INFO  2026-04-11T07:42:00.470Z OPTIMIZELY: Updated Optimizely config to revision 45 (project id 6051471968436224) @ https://www.westernunion.com/content/wucom/dist/ng9staticassets/R260351-f264f8dc93/vendor.346574b18bfbf331.js:0
[  477810ms] [INFO] [OPTIMIZELY] - INFO  2026-04-11T07:42:00.951Z DECISION_SERVICE: Audiences for rule Everyone Else collectively evaluated to TRUE. @ https://www.westernunion.com/content/wucom/dist/ng9staticassets/R260351-f264f8dc93/vendor.346574b18bfbf331.js:0
[  477811ms] [INFO] [OPTIMIZELY] - INFO  2026-04-11T07:42:00.951Z OPTIMIZELY: Feature forget_password_mfa is not enabled for user b8e2e2e7-545c-4d67-b8df-e5ba67cf879f. @ https://www.westernunion.com/content/wucom/dist/ng9staticassets/R260351-f264f8dc93/vendor.346574b18bfbf331.js:0
[  477811ms] [WARNING] [OPTIMIZELY] - WARN  2026-04-11T07:42:00.952Z OPTIMIZELY: Event key default-rollout-360670-451731670190945 is not in datafile. @ https://www.westernunion.com/content/wucom/dist/ng9staticassets/R260351-f264f8dc93/vendor.346574b18bfbf331.js:0
[  477811ms] [WARNING] [OPTIMIZELY] - WARN  2026-04-11T07:42:00.952Z OPTIMIZELY: Not tracking user b8e2e2e7-545c-4d67-b8df-e5ba67cf879f. @ https://www.westernunion.com/content/wucom/dist/ng9staticassets/R260351-f264f8dc93/vendor.346574b18bfbf331.js:0
[  477969ms] [LOG] NG15 - otDomains read from Switches {domains: Object, partnersDomain: Object} @ https://www.westernunion.com/content/wucom/dist/ng9staticassets/R260351-f264f8dc93/assets/vendor/util.js:586
[  477996ms] [ERROR] Failed to load resource: the server responded with a status of 403 () @ https://www.westernunion.com/wubot/lex-web-ui-loader.m.js:0
[  478159ms] [INFO] [OPTIMIZELY] - INFO  2026-04-11T07:42:01.300Z DECISION_SERVICE: Audiences for rule Everyone Else collectively evaluated to TRUE. @ https://www.westernunion.com/content/wucom/dist/ng9staticassets/R260351-f264f8dc93/vendor.346574b18bfbf331.js:0
[  478160ms] [INFO] [OPTIMIZELY] - INFO  2026-04-11T07:42:01.300Z OPTIMIZELY: Feature forget_password_mfa is not enabled for user b8e2e2e7-545c-4d67-b8df-e5ba67cf879f. @ https://www.westernunion.com/content/wucom/dist/ng9staticassets/R260351-f264f8dc93/vendor.346574b18bfbf331.js:0
[  478160ms] [WARNING] [OPTIMIZELY] - WARN  2026-04-11T07:42:01.300Z OPTIMIZELY: Event key default-rollout-360670-451731670190945 is not in datafile. @ https://www.westernunion.com/content/wucom/dist/ng9staticassets/R260351-f264f8dc93/vendor.346574b18bfbf331.js:0
[  478160ms] [WARNING] [OPTIMIZELY] - WARN  2026-04-11T07:42:01.301Z OPTIMIZELY: Not tracking user b8e2e2e7-545c-4d67-b8df-e5ba67cf879f. @ https://www.westernunion.com/content/wucom/dist/ng9staticassets/R260351-f264f8dc93/vendor.346574b18bfbf331.js:0
[  478313ms] [INFO] [OPTIMIZELY] - INFO  2026-04-11T07:42:01.454Z DECISION_SERVICE: Audiences for rule Everyone Else collectively evaluated to TRUE. @ https://www.westernunion.com/content/wucom/dist/ng9staticassets/R260351-f264f8dc93/vendor.346574b18bfbf331.js:0
[  478314ms] [INFO] [OPTIMIZELY] - INFO  2026-04-11T07:42:01.454Z OPTIMIZELY: Feature forget_password_mfa is not enabled for user b8e2e2e7-545c-4d67-b8df-e5ba67cf879f. @ https://www.westernunion.com/content/wucom/dist/ng9staticassets/R260351-f264f8dc93/vendor.346574b18bfbf331.js:0
[  478314ms] [WARNING] [OPTIMIZELY] - WARN  2026-04-11T07:42:01.454Z OPTIMIZELY: Event key default-rollout-360670-451731670190945 is not in datafile. @ https://www.westernunion.com/content/wucom/dist/ng9staticassets/R260351-f264f8dc93/vendor.346574b18bfbf331.js:0
[  478314ms] [WARNING] [OPTIMIZELY] - WARN  2026-04-11T07:42:01.454Z OPTIMIZELY: Not tracking user b8e2e2e7-545c-4d67-b8df-e5ba67cf879f. @ https://www.westernunion.com/content/wucom/dist/ng9staticassets/R260351-f264f8dc93/vendor.346574b18bfbf331.js:0
[  478447ms] [LOG] [Amplitude] Success: loaded SDK @ https://www.westernunion.com/content/wucom/dist/ng9staticassets/R260351-f264f8dc93/assets/vendor/util.js:518
[  478561ms] [LOG] -------------R3 AEP Web SDK page load fired------------- @ https://cdn.quantummetric.com/qscripts/quantum-wu.js:112
[  478614ms] [LOG] Hello from One Trust Cookie Consent Loop[object Object] @ https://cdn.quantummetric.com/qscripts/quantum-wu.js:112
[  478634ms] [LOG] [Amplitude] WARNING: Property key "execution_time" with invalid value type nan, ignoring @ https://cdn.quantummetric.com/qscripts/quantum-wu.js:112
[  478686ms] [WARNING] [Meta Pixel] - Duplicate Pixel ID: 1131643220187654. @ https://cdn.quantummetric.com/qscripts/quantum-wu.js:112
[  478709ms] [WARNING] QM: API Listener caught exception: SyntaxError: Unexpected token 'G', "GIF89a  "... is not valid JSON @ https://cdn.quantummetric.com/qscripts/quantum-wu.js:434
[  478912ms] [ERROR] Attestation check for Attribution Reporting on https://www.facebook.com failed. @ https://www.westernunion.com/jp/ja/web/account/history:0
[  484976ms] [LOG] --------------R3 AEP Web SDK track link click fired----------- @ https://cdn.quantummetric.com/qscripts/quantum-wu.js:112
[  485000ms] [INFO] [OPTIMIZELY] - INFO  2026-04-11T07:42:08.141Z DECISION_SERVICE: Audiences for rule Everyone Else collectively evaluated to TRUE. @ https://cdn.quantummetric.com/qscripts/quantum-wu.js:112
[  485001ms] [INFO] [OPTIMIZELY] - INFO  2026-04-11T07:42:08.141Z OPTIMIZELY: Feature forget_password_mfa is not enabled for user b8e2e2e7-545c-4d67-b8df-e5ba67cf879f. @ https://cdn.quantummetric.com/qscripts/quantum-wu.js:112
[  485001ms] [WARNING] [OPTIMIZELY] - WARN  2026-04-11T07:42:08.141Z OPTIMIZELY: Event key default-rollout-360670-451731670190945 is not in datafile. @ https://cdn.quantummetric.com/qscripts/quantum-wu.js:112
[  485001ms] [WARNING] [OPTIMIZELY] - WARN  2026-04-11T07:42:08.141Z OPTIMIZELY: Not tracking user b8e2e2e7-545c-4d67-b8df-e5ba67cf879f. @ https://cdn.quantummetric.com/qscripts/quantum-wu.js:112
[  486283ms] [LOG] initializeVariation @ https://cdn.quantummetric.com/qscripts/quantum-wu.js:112
[  486851ms] [INFO] [OPTIMIZELY] - INFO  2026-04-11T07:42:09.992Z DECISION_SERVICE: Audiences for rule Everyone Else collectively evaluated to TRUE. @ https://cdn.quantummetric.com/qscripts/quantum-wu.js:112
[  486852ms] [INFO] [OPTIMIZELY] - INFO  2026-04-11T07:42:09.992Z OPTIMIZELY: Feature forget_password_mfa is not enabled for user b8e2e2e7-545c-4d67-b8df-e5ba67cf879f. @ https://cdn.quantummetric.com/qscripts/quantum-wu.js:112
[  486852ms] [WARNING] [OPTIMIZELY] - WARN  2026-04-11T07:42:09.992Z OPTIMIZELY: Event key default-rollout-360670-451731670190945 is not in datafile. @ https://cdn.quantummetric.com/qscripts/quantum-wu.js:112
[  486852ms] [WARNING] [OPTIMIZELY] - WARN  2026-04-11T07:42:09.993Z OPTIMIZELY: Not tracking user b8e2e2e7-545c-4d67-b8df-e5ba67cf879f. @ https://cdn.quantummetric.com/qscripts/quantum-wu.js:112
[  486968ms] [INFO] [OPTIMIZELY] - INFO  2026-04-11T07:42:10.109Z DECISION_SERVICE: Audiences for rule Everyone Else collectively evaluated to TRUE. @ https://cdn.quantummetric.com/qscripts/quantum-wu.js:112
[  486969ms] [INFO] [OPTIMIZELY] - INFO  2026-04-11T07:42:10.109Z OPTIMIZELY: Feature forget_password_mfa is not enabled for user b8e2e2e7-545c-4d67-b8df-e5ba67cf879f. @ https://cdn.quantummetric.com/qscripts/quantum-wu.js:112
[  486969ms] [WARNING] [OPTIMIZELY] - WARN  2026-04-11T07:42:10.110Z OPTIMIZELY: Event key default-rollout-360670-451731670190945 is not in datafile. @ https://cdn.quantummetric.com/qscripts/quantum-wu.js:112
[  486969ms] [WARNING] [OPTIMIZELY] - WARN  2026-04-11T07:42:10.110Z OPTIMIZELY: Not tracking user b8e2e2e7-545c-4d67-b8df-e5ba67cf879f. @ https://cdn.quantummetric.com/qscripts/quantum-wu.js:112
[  487431ms] [INFO] [OPTIMIZELY] - INFO  2026-04-11T07:42:10.571Z DECISION_SERVICE: Audiences for rule Everyone Else collectively evaluated to TRUE. @ https://cdn.quantummetric.com/qscripts/quantum-wu.js:112
[  487431ms] [INFO] [OPTIMIZELY] - INFO  2026-04-11T07:42:10.572Z OPTIMIZELY: Feature forget_password_mfa is not enabled for user b8e2e2e7-545c-4d67-b8df-e5ba67cf879f. @ https://cdn.quantummetric.com/qscripts/quantum-wu.js:112
[  487432ms] [WARNING] [OPTIMIZELY] - WARN  2026-04-11T07:42:10.572Z OPTIMIZELY: Event key default-rollout-360670-451731670190945 is not in datafile. @ https://cdn.quantummetric.com/qscripts/quantum-wu.js:112
[  487432ms] [WARNING] [OPTIMIZELY] - WARN  2026-04-11T07:42:10.572Z OPTIMIZELY: Not tracking user b8e2e2e7-545c-4d67-b8df-e5ba67cf879f. @ https://cdn.quantummetric.com/qscripts/quantum-wu.js:112
[  487571ms] [INFO] [OPTIMIZELY] - INFO  2026-04-11T07:42:10.711Z DECISION_SERVICE: Audiences for rule Everyone Else collectively evaluated to TRUE. @ https://cdn.quantummetric.com/qscripts/quantum-wu.js:112
[  487571ms] [INFO] [OPTIMIZELY] - INFO  2026-04-11T07:42:10.712Z OPTIMIZELY: Feature forget_password_mfa is not enabled for user b8e2e2e7-545c-4d67-b8df-e5ba67cf879f. @ https://cdn.quantummetric.com/qscripts/quantum-wu.js:112
[  487571ms] [WARNING] [OPTIMIZELY] - WARN  2026-04-11T07:42:10.712Z OPTIMIZELY: Event key default-rollout-360670-451731670190945 is not in datafile. @ https://cdn.quantummetric.com/qscripts/quantum-wu.js:112
[  487572ms] [WARNING] [OPTIMIZELY] - WARN  2026-04-11T07:42:10.712Z OPTIMIZELY: Not tracking user b8e2e2e7-545c-4d67-b8df-e5ba67cf879f. @ https://cdn.quantummetric.com/qscripts/quantum-wu.js:112
[  487577ms] [LOG] [Amplitude] WARNING: Property key "execution_time" with invalid value type nan, ignoring @ https://cdn.quantummetric.com/qscripts/quantum-wu.js:112
[  487718ms] [INFO] [OPTIMIZELY] - INFO  2026-04-11T07:42:10.858Z DECISION_SERVICE: Audiences for rule Everyone Else collectively evaluated to TRUE. @ https://cdn.quantummetric.com/qscripts/quantum-wu.js:112
[  487718ms] [INFO] [OPTIMIZELY] - INFO  2026-04-11T07:42:10.859Z OPTIMIZELY: Feature forget_password_mfa is not enabled for user b8e2e2e7-545c-4d67-b8df-e5ba67cf879f. @ https://cdn.quantummetric.com/qscripts/quantum-wu.js:112
[  487718ms] [WARNING] [OPTIMIZELY] - WARN  2026-04-11T07:42:10.859Z OPTIMIZELY: Event key default-rollout-360670-451731670190945 is not in datafile. @ https://cdn.quantummetric.com/qscripts/quantum-wu.js:112
[  487719ms] [WARNING] [OPTIMIZELY] - WARN  2026-04-11T07:42:10.859Z OPTIMIZELY: Not tracking user b8e2e2e7-545c-4d67-b8df-e5ba67cf879f. @ https://cdn.quantummetric.com/qscripts/quantum-wu.js:112
[  487950ms] [ERROR] Attestation check for Attribution Reporting on https://www.facebook.com failed. @ https://www.westernunion.com/jp/ja/web/send-money/start:0
[  488051ms] [INFO] [OPTIMIZELY] - INFO  2026-04-11T07:42:11.191Z DECISION_SERVICE: Audiences for rule Everyone Else collectively evaluated to TRUE. @ https://cdn.quantummetric.com/qscripts/quantum-wu.js:112
[  488051ms] [INFO] [OPTIMIZELY] - INFO  2026-04-11T07:42:11.192Z OPTIMIZELY: Feature forget_password_mfa is not enabled for user b8e2e2e7-545c-4d67-b8df-e5ba67cf879f. @ https://cdn.quantummetric.com/qscripts/quantum-wu.js:112
[  488052ms] [WARNING] [OPTIMIZELY] - WARN  2026-04-11T07:42:11.192Z OPTIMIZELY: Event key default-rollout-360670-451731670190945 is not in datafile. @ https://cdn.quantummetric.com/qscripts/quantum-wu.js:112
[  488052ms] [WARNING] [OPTIMIZELY] - WARN  2026-04-11T07:42:11.192Z OPTIMIZELY: Not tracking user b8e2e2e7-545c-4d67-b8df-e5ba67cf879f. @ https://cdn.quantummetric.com/qscripts/quantum-wu.js:112
[  488261ms] [LOG] %c2026-04-11T07:42:11.401Z LOG [main.c72568e3234b953d.js:1:2407227] color:gray ...pricing api post done... @ https://cdn.quantummetric.com/qscripts/quantum-wu.js:112
[  490264ms] [INFO] [OPTIMIZELY] - INFO  2026-04-11T07:42:13.405Z DECISION_SERVICE: Audiences for rule Everyone Else collectively evaluated to TRUE. @ https://cdn.quantummetric.com/qscripts/quantum-wu.js:112
[  490267ms] [INFO] [OPTIMIZELY] - INFO  2026-04-11T07:42:13.408Z OPTIMIZELY: Feature forget_password_mfa is not enabled for user b8e2e2e7-545c-4d67-b8df-e5ba67cf879f. @ https://cdn.quantummetric.com/qscripts/quantum-wu.js:112
[  490267ms] [WARNING] [OPTIMIZELY] - WARN  2026-04-11T07:42:13.408Z OPTIMIZELY: Event key default-rollout-360670-451731670190945 is not in datafile. @ https://cdn.quantummetric.com/qscripts/quantum-wu.js:112
[  490268ms] [WARNING] [OPTIMIZELY] - WARN  2026-04-11T07:42:13.408Z OPTIMIZELY: Not tracking user b8e2e2e7-545c-4d67-b8df-e5ba67cf879f. @ https://cdn.quantummetric.com/qscripts/quantum-wu.js:112
[  501332ms] [INFO] [OPTIMIZELY] - INFO  2026-04-11T07:42:24.472Z DECISION_SERVICE: Audiences for rule Everyone Else collectively evaluated to TRUE. @ https://cdn.quantummetric.com/qscripts/quantum-wu.js:112
[  501332ms] [INFO] [OPTIMIZELY] - INFO  2026-04-11T07:42:24.473Z OPTIMIZELY: Feature forget_password_mfa is not enabled for user b8e2e2e7-545c-4d67-b8df-e5ba67cf879f. @ https://cdn.quantummetric.com/qscripts/quantum-wu.js:112
[  501332ms] [WARNING] [OPTIMIZELY] - WARN  2026-04-11T07:42:24.473Z OPTIMIZELY: Event key default-rollout-360670-451731670190945 is not in datafile. @ https://cdn.quantummetric.com/qscripts/quantum-wu.js:112
[  501332ms] [WARNING] [OPTIMIZELY] - WARN  2026-04-11T07:42:24.473Z OPTIMIZELY: Not tracking user b8e2e2e7-545c-4d67-b8df-e5ba67cf879f. @ https://cdn.quantummetric.com/qscripts/quantum-wu.js:112
[  518870ms] [INFO] [OPTIMIZELY] - INFO  2026-04-11T07:42:42.010Z DECISION_SERVICE: Audiences for rule Everyone Else collectively evaluated to TRUE. @ https://cdn.quantummetric.com/qscripts/quantum-wu.js:112
[  518870ms] [INFO] [OPTIMIZELY] - INFO  2026-04-11T07:42:42.010Z OPTIMIZELY: Feature forget_password_mfa is not enabled for user b8e2e2e7-545c-4d67-b8df-e5ba67cf879f. @ https://cdn.quantummetric.com/qscripts/quantum-wu.js:112
[  518870ms] [WARNING] [OPTIMIZELY] - WARN  2026-04-11T07:42:42.010Z OPTIMIZELY: Event key default-rollout-360670-451731670190945 is not in datafile. @ https://cdn.quantummetric.com/qscripts/quantum-wu.js:112
[  518870ms] [WARNING] [OPTIMIZELY] - WARN  2026-04-11T07:42:42.010Z OPTIMIZELY: Not tracking user b8e2e2e7-545c-4d67-b8df-e5ba67cf879f. @ https://cdn.quantummetric.com/qscripts/quantum-wu.js:112
[  523804ms] [WARNING] [TikTok Pixel] - Missing 'content_id' paramter
Issue: The 'content_id' parameter isn't being received. This is required for Video Shopping Ads (VSA).
Suggestion: Include the 'content_id' parameter in your source code. This is required for Video Shopping Ads (VSA). See https://ads.tiktok.com/help/article/standard-events-parameters?redirected=2 for more information. @ https://cdn.quantummetric.com/qscripts/quantum-wu.js:112
[  523804ms] [WARNING] [TikTok Pixel] - Invalid content type
Issue: The content type for one or more of your events is not valid. Content type must be either "product", "product_group", "destination", "hotel", "flight" or "vehicle".
Suggestion: Go to your source code and update the content type. See https://ads.tiktok.com/help/article/standard-events-parameters?redirected=2 for more information. @ https://cdn.quantummetric.com/qscripts/quantum-wu.js:112
[  524261ms] [WARNING] [TikTok Pixel] - Duplicate Pixel ID
Issue: The pixel ID is duplicate. This could impact the pixel data accuracy.
Suggestion: Please double check and delete any unnecessary pixel code. @ https://cdn.quantummetric.com/qscripts/quantum-wu.js:112
[  524263ms] [WARNING] [TikTok Pixel] - Missing 'content_id' paramter
Issue: The 'content_id' parameter isn't being received. This is required for Video Shopping Ads (VSA).
Suggestion: Include the 'content_id' parameter in your source code. This is required for Video Shopping Ads (VSA). See https://ads.tiktok.com/help/article/standard-events-parameters?redirected=2 for more information. @ https://cdn.quantummetric.com/qscripts/quantum-wu.js:112
[  524263ms] [WARNING] [TikTok Pixel] - Invalid content type
Issue: The content type for one or more of your events is not valid. Content type must be either "product", "product_group", "destination", "hotel", "flight" or "vehicle".
Suggestion: Go to your source code and update the content type. See https://ads.tiktok.com/help/article/standard-events-parameters?redirected=2 for more information. @ https://cdn.quantummetric.com/qscripts/quantum-wu.js:112
[  525233ms] [INFO] [OPTIMIZELY] - INFO  2026-04-11T07:42:48.373Z DECISION_SERVICE: Audiences for rule Everyone Else collectively evaluated to TRUE. @ https://cdn.quantummetric.com/qscripts/quantum-wu.js:112
[  525233ms] [INFO] [OPTIMIZELY] - INFO  2026-04-11T07:42:48.374Z OPTIMIZELY: Feature forget_password_mfa is not enabled for user b8e2e2e7-545c-4d67-b8df-e5ba67cf879f. @ https://cdn.quantummetric.com/qscripts/quantum-wu.js:112
[  525233ms] [WARNING] [OPTIMIZELY] - WARN  2026-04-11T07:42:48.374Z OPTIMIZELY: Event key default-rollout-360670-451731670190945 is not in datafile. @ https://cdn.quantummetric.com/qscripts/quantum-wu.js:112
[  525233ms] [WARNING] [OPTIMIZELY] - WARN  2026-04-11T07:42:48.374Z OPTIMIZELY: Not tracking user b8e2e2e7-545c-4d67-b8df-e5ba67cf879f. @ https://cdn.quantummetric.com/qscripts/quantum-wu.js:112
[  525302ms] [LOG] -------------R3 AEP Web SDK page load fired------------- @ https://cdn.quantummetric.com/qscripts/quantum-wu.js:112
[  525405ms] [ERROR] Failed to load resource: the server responded with a status of 411 () @ https://www.westernunion.com/public/2c77fe10afaf343192c266f18d605a88f1ef6acf2f2a/collect?t=1775893333138&st=14020&s=KCvZViFczowCBJbD&ss=3&c=66f18d605a88f1ef6acf2f2a&r=uptQ5W1u0t0Zkztu&d=2&u=https%3A%2F%2Fwww.westernunion.com%2Fjp%2Fja%2Fweb%2Fsend-money%2Fstart&v=746701751&p=1&bv=10&rh=0&pi=-1&pl=-1&pwl=-1&ple=-1&psd=-1&ppu=-1&psl=-1&pfu=-1&phe=-1&pue=-1&pbc=97&pnu=16&pnc=6&pnr=1&fsp=0&sp=0&pp=0&ah=0&sd=1&sm=2&tr=2:0
[  525559ms] [INFO] [OPTIMIZELY] - INFO  2026-04-11T07:42:48.699Z DECISION_SERVICE: Audiences for rule Everyone Else collectively evaluated to TRUE. @ https://cdn.quantummetric.com/qscripts/quantum-wu.js:112
[  525560ms] [INFO] [OPTIMIZELY] - INFO  2026-04-11T07:42:48.700Z OPTIMIZELY: Feature forget_password_mfa is not enabled for user b8e2e2e7-545c-4d67-b8df-e5ba67cf879f. @ https://cdn.quantummetric.com/qscripts/quantum-wu.js:112
[  525560ms] [WARNING] [OPTIMIZELY] - WARN  2026-04-11T07:42:48.701Z OPTIMIZELY: Event key default-rollout-360670-451731670190945 is not in datafile. @ https://cdn.quantummetric.com/qscripts/quantum-wu.js:112
[  525561ms] [WARNING] [OPTIMIZELY] - WARN  2026-04-11T07:42:48.701Z OPTIMIZELY: Not tracking user b8e2e2e7-545c-4d67-b8df-e5ba67cf879f. @ https://cdn.quantummetric.com/qscripts/quantum-wu.js:112
[  525753ms] [ERROR] Attestation check for Attribution Reporting on https://www.facebook.com failed. @ https://www.westernunion.com/jp/ja/web/receiver:0
[  529071ms] [INFO] Pinterest Tag Error: 'load' command was called multiple times.  Previously for tag id '%s', now for tag id '%s'. 2614009158756 2614009158756 @ https://cdn.quantummetric.com/qscripts/quantum-wu.js:112
[  529367ms] [LOG] --------------R3 AEP Web SDK track link click fired----------- @ https://cdn.quantummetric.com/qscripts/quantum-wu.js:112
[  529441ms] [ERROR] Attestation check for Attribution Reporting on https://www.facebook.com failed. @ https://www.westernunion.com/jp/ja/web/receiver:0
[  529596ms] [INFO] [OPTIMIZELY] - INFO  2026-04-11T07:42:52.736Z DECISION_SERVICE: Audiences for rule Everyone Else collectively evaluated to TRUE. @ https://cdn.quantummetric.com/qscripts/quantum-wu.js:112
[  529596ms] [INFO] [OPTIMIZELY] - INFO  2026-04-11T07:42:52.737Z OPTIMIZELY: Feature forget_password_mfa is not enabled for user b8e2e2e7-545c-4d67-b8df-e5ba67cf879f. @ https://cdn.quantummetric.com/qscripts/quantum-wu.js:112
[  529597ms] [WARNING] [OPTIMIZELY] - WARN  2026-04-11T07:42:52.737Z OPTIMIZELY: Event key default-rollout-360670-451731670190945 is not in datafile. @ https://cdn.quantummetric.com/qscripts/quantum-wu.js:112
[  529597ms] [WARNING] [OPTIMIZELY] - WARN  2026-04-11T07:42:52.737Z OPTIMIZELY: Not tracking user b8e2e2e7-545c-4d67-b8df-e5ba67cf879f. @ https://cdn.quantummetric.com/qscripts/quantum-wu.js:112
[  529617ms] [WARNING] [TikTok Pixel] - Duplicate Pixel ID
Issue: The pixel ID is duplicate. This could impact the pixel data accuracy.
Suggestion: Please double check and delete any unnecessary pixel code. @ https://cdn.quantummetric.com/qscripts/quantum-wu.js:112
[  529803ms] [LOG] -------------R3 AEP Web SDK page load fired------------- @ https://cdn.quantummetric.com/qscripts/quantum-wu.js:112
[  529899ms] [INFO] Pinterest Tag Error: 'load' command was called multiple times.  Previously for tag id '%s', now for tag id '%s'. 2614009158756 2614009158756 @ https://cdn.quantummetric.com/qscripts/quantum-wu.js:112
[  529945ms] [LOG] Hello from One Trust Cookie Consent Loop[object Object] @ https://cdn.quantummetric.com/qscripts/quantum-wu.js:112
[  530090ms] [ERROR] Attestation check for Attribution Reporting on https://www.facebook.com failed. @ https://www.westernunion.com/jp/ja/web/receiver:0
[  530112ms] [WARNING] [TikTok Pixel] - Duplicate Pixel ID
Issue: The pixel ID is duplicate. This could impact the pixel data accuracy.
Suggestion: Please double check and delete any unnecessary pixel code. @ https://cdn.quantummetric.com/qscripts/quantum-wu.js:112
[  530180ms] [LOG] %c2026-04-11T07:42:53.320Z LOG [main.c72568e3234b953d.js:1:349366] color:gray hadoopAnalyticService Response- {status: OK} @ https://cdn.quantummetric.com/qscripts/quantum-wu.js:112
[  530181ms] [LOG] %c2026-04-11T07:42:53.321Z LOG [main.c72568e3234b953d.js:1:224606] color:gray Hadoop Analytic api post done... @ https://cdn.quantummetric.com/qscripts/quantum-wu.js:112
